11725620	우리집떡볶이	떡볶이	37.5627444	127.0148847	다산로 217-1	24시간 영업	Y
11710170	아이러브신당동	떡볶이	37.5631829	127.0148534	퇴계로76길 50 아이러브떡볶이	24시간 영업	N
37869877	금돼지식당	돼지고기구이	37.5570932	127.0116976	다산로 149 1층	영업 중	N
2075930738	바다약방 신당점	생선회	37.5639577	127.0173821	다산로40길 23 1층, 101호 (바다약방)	영업 중	Y
2089491712	앤드위치	샌드위치	37.5648886	127.0137437	다산로39길 40 1층	영업 중	Y
1969442009	이에즈 iyez	카페,디저트	37.5614556	127.0168277	다산로34길 35 1층	영업 중	N
1325161415	연해장	한식	37.5648849	127.0219123	다산로44길 90 1층 연해장	영업 중	Y
36513384	브레라	이탈리아음식	37.5483495	127.0069520	동호로17길 295 대명빌딩2층	영업 중	Y
12885813	약수동해물텀벙	아귀찜,해물찜	37.5535718	127.0107340	다산로10길 11	영업 중	Y
2072392688	오신돼지갈비 동대문	돼지고기구이	37.5636237	127.0161201	다산로 232 1층	영업 중	Y
1513173247	미수국밥	국밥	37.5636892	127.0206836	다산로42길 80 1층	영업 중	Y
1420573437	어글리베이커스베이글 신당 본점	베이커리	37.5640288	127.0171013	다산로40길 17	영업 중	Y
1182352265	신당조갯집	조개요리	37.5639428	127.0199256	다산로42길 70 명성빌딩 1층 신당 조갯집	영업 중	Y
1011242808	우육미	육류,고기요리	37.5651674	127.0129953	퇴계로 373 1층	영업 중	N
11855294	종점	떡볶이	37.5627932	127.0149210	다산로 217-1 종점	24시간 영업	Y
1872352260	커피그래	카페,디저트	37.5562870	127.0099429	동호로 204 1층	영업 중	Y
2063703656	불로촌	육류,고기요리	37.5648569	127.0175791	다산로44길 12 1층	영업 중	Y
11579245	삼대할먼네 본점	떡볶이	37.5629339	127.0148058	퇴계로76길 54 1층 , 2층	24시간 영업	N
1331394979	애락	카페	37.5637156	127.0114133	청구로22길 36 1층	영업 중	N
1764441605	상무초밥 왕십리점	초밥,롤	37.5649068	127.0250761	왕십리로 407 신당파인힐하나유보라 상가 1층	영업 중	Y
1569479203	하오카오스탠 신당점	중식당	37.5643901	127.0177052	퇴계로80길 26 1층	영업 중	Y
33878641	우정	떡볶이	37.5628442	127.0149572	퇴계로76길 55	오늘 휴무	N
1478023751	약수터	카페,디저트	37.5529517	127.0102404	다산로8길 11 2층	영업 중	Y
1157600615	백소정 약수역점	일식당	37.5569748	127.0116184	다산로 147 2층 백소정 약수역점	영업 중	N
1874271422	금성회관 약수역직영점	한식	37.5560747	127.0111552	다산로 137 1층 101호	영업 중	Y
38405139	마복림할머니집	떡볶이	37.5633128	127.0151253	다산로35길 5	영업 중	N
2039571395	도우소사이어티 약수점	양식	37.5551407	127.0099580	동호로 193 1층	영업 중	Y
11678570	진남포면옥	막국수	37.5534644	127.0101220	다산로 108	영업 중	N
1320128798	신라방마라탕 신당점	중식당	37.5639573	127.0178910	퇴계로80길 31 1층 신라방마라탕 신당점	영업 중	N
1294252896	미국식 신당DDP점	햄버거	37.5644453	127.0138543	다산로39길 35 1층	영업 중	N
2032395116	이오프	카페,디저트	37.5647043	127.0172524	다산로42길 18 1층 이오프	영업 중	Y
2078866369	코시아커피 약수점	카페,디저트	37.5559640	127.0137583	다산로16길 38 1층	영업 종료	N
1307107902	화랑막창	곱창,막창,양	37.5540408	127.0092594	동호로11길 28 1층	영업 중	N
1976264529	신당동 허리케인박 떡볶이	떡볶이	37.5627815	127.0146969	퇴계로76길 58 1층	영업 중	Y
1134592891	주전자 꼬들목살	육류,고기요리	37.5540013	127.0107213	다산로 114-7 1층 주전자 꼬들목살	영업 중	Y
1220759877	백송 신당	소고기구이	37.5647672	127.0134684	다산로33다길 45 1, 2층	영업 중	Y
1899917456	쿄오모라멘	일본식라면	37.5527998	127.0102737	다산로8길 16 1층	영업 중	N
1285228142	금쪽이	육류,고기요리	37.5538419	127.0106961	다산로 114-8 1층 금쪽이	영업 중	Y
1702312024	우야재 남산	요리주점	37.5534231	127.0093589	다산로 101-4 7층, 701호	영업 중	Y
1818340303	키라키라윤 신당점	이자카야	37.5645454	127.0148353	다산로39길 22 1층	영업 중	Y
2030203526	타다미	카페	37.5614891	127.0153544	청구로6길 36 1층	영업 중	Y
2028164884	조선라멘	일본식라면	37.5582655	127.0117208	동호로12길 69 1층	영업 중	Y
2092646776	디에그 약수점	카페,디저트	37.5521738	127.0108888	동호로7길 37 현진빌딩 1층 102호	오늘 휴무	N
2096987703	무토	카페,디저트	37.5626019	127.0145216	퇴계로76길 64 1층, 지하1층	영업 중	Y
2053591661	멋진헛간	바(BAR)	37.5621470	127.0179383	다산로42다길 52 1층 독채	영업 중	Y
2022219970	오브제	요리주점	37.5645274	127.0177397	다산로42길 26 1층	영업 중	N
2032955037	삼탄쪽갈비	육류,고기요리	37.5547009	127.0093134	다산로11길 19 1층 103호 삼탄쪽갈비	영업 중	Y
2026929868	스미카야	이자카야	37.5534877	127.0089176	동호로11길 40 1층 103호, 104호	영업 중	N
2038283242	부추삼겹살 신당점	한식	37.5645258	127.0146775	다산로39길 22 1층	24시간 영업	Y
1158474173	까치포차	포장마차	37.5540785	127.0104929	다산로 114-1 1층 까치포차	영업 중	N
1872207069	오육 본점	한식	37.5640951	127.0218517	퇴계로90길 28 1층 101호	영업 중	N
1998670073	백채김치찌개 약수역점	찌개,전골	37.5579346	127.0121905	다산로 159	영업 중	N
37891364	우사단고기 신당역	돼지고기구이	37.5646224	127.0134485	다산로39길 45 1층	영업 중	N
38010934	두부사랑	두부요리	37.5544019	127.0120260	동호로10길 8-3	영업 중	N
1822356400	닭치고포차	포장마차	37.5636944	127.0196512	퇴계로86길 41 1층	영업 중	Y
37928869	한도니 신당점	돼지고기구이	37.5647797	127.0163456	다산로 244 1층 한도니	24시간 영업	Y
11619291	유정식당	해물,생선요리	37.5693341	127.0126344	마장로1길 28-5	24시간 영업	N
2065214104	돈다움 약수점	돼지고기구이	37.5571284	127.0122506	다산로 152 1층	영업 중	Y
18091101	흥부골숯불돼지갈비	돼지고기구이	37.5619169	127.0101630	청구로 113	영업 중	Y
2001400837	본가전주옥 신당역점	국밥	37.5654269	127.0185440	퇴계로 422-1 1층	24시간 영업	N
1908410135	1번지식당 약수역점	육류,고기요리	37.5522490	127.0119675	동호로5길 12 다다유크레스 1층	영업 중	Y
1673988760	이공김밥 신당점	김밥	37.5650791	127.0195258	다산로44길 46	영업 중	N
18705887	만경식당	백반,가정식	37.5658030	127.0140032	퇴계로73길 13	영업 중	Y
1976122269	갓골	육류,고기요리	37.5548199	127.0116428	다산로 128-14 1층	영업 중	N
1590307929	별빛희락	술집	37.5546434	127.0101006	동호로11길 7 지하1층	영업 중	Y
1350911314	지현식당	백반,가정식	37.5634732	127.0181001	다산로40길 38		Y
32548013	윤대감부대찌개 약수점	찌개,전골	37.5558191	127.0117392	다산로12길 5 1층		N
2041997470	후렌드치킨	치킨,닭강정	37.5573120	127.0114432	다산로19길 9 1층	영업 중	N
1036721553	신촌찌개집 충무아트홀점	찌개,전골	37.5649599	127.0142264	퇴계로 384-1 1층	영업 중	N
35853842	신당백반	백반,가정식	37.5636608	127.0146667	다산로35길 17 . 2층	영업 중	Y
18091075	보원식당	한식	37.5694208	127.0126878	청계천로 318	24시간 영업	Y
1457443464	돈다발	육류,고기요리	37.5484656	127.0075535	다산로 56 남산정은스카이오피스텔상가 B107호	영업 중	N
1397249380	자매집	한식	37.5645323	127.0206801	퇴계로86길 15-37	영업 중	N
2045292574	우리	한식	37.5651573	127.0187597	다산로44길 33 1층	영업 중	N
1854315462	장원식당	찌개,전골	37.5635765	127.0177944	다산로40길 32 1층	영업 종료	N
20885092	현대식당	한식	37.5623169	127.0180078	다산로42다길 48		N
1281410860	김치찌개와얼큰육개장 본점	한식	37.5641056	127.0218752	퇴계로90길 28		N
1527739868	듬뿍듬뿍식당	추어탕	37.5640645	127.0206877	퇴계로88길 35	영업 중	N
13097213	은주정	찌개,전골	37.5686783	126.9997477	창경궁로8길 32	영업 중	Y
18061683	김삼보 을지로점	찌개,전골	37.5660566	127.0057721	을지로 250	영업 중	N
37676634	김치만선생 동대필동점	찌개,전골	37.5589803	126.9960436	필동로 30-1 1층	영업 중	Y
470705570	이화김치찌개	한식	37.5759976	127.0029483	율곡로 216	영업 중	N
708727546	대찬식당	한식	37.5654356	127.0240821	왕십리로 410 센트라스127동1층 상가 118호	영업 중	N
20352375	한옥집	한식	37.5718430	127.0001839	대학로1길 39	영업 중	N
1042224811	만남의광장 이태원본점	포장마차	37.5350588	126.9943505	이태원로27가길 18 1층	영업 중	Y
18044039	황토골 충무로역본점	한식	37.5616900	126.9982630	서애로 6-1 1F 황토골	24시간 영업	Y
2005355667	남진이네	요리주점	37.5482261	127.0182714	장터길 22 1층	영업 중	Y
18703711	이북집찹쌀순대	순대,순댓국	37.5651699	127.0167472	퇴계로 406-2	24시간 영업	N
18120803	원조호남순대국	순대,순댓국	37.5530049	127.0117010	동호로 163	24시간 영업	N
11845823	약수동 치맛살	육류,고기요리	37.5561791	127.0108755	동호로12길 19	영업 중	Y
1874301580	약수순대국	순대,순댓국	37.5533049	127.0108212	동호로7길 14 약수더시티 1층 111호 약수순대국	영업 중	N
20827000	영남 순대국	순대,순댓국	37.5648570	127.0173596	다산로42길 19	영업 중	N
31229705	해남순대국	순대,순댓국	37.5528936	127.0099012	다산로8길 8	영업 중	N
1529235797	마포우사미	한식	37.5552996	127.0096344	동호로 195-7 송죽빌딩 1층	영업 중	Y
618191681	전주순대국	순대,순댓국	37.5647530	127.0201569	퇴계로86길 15-27 1층 전주순대국	영업 중	N
2042768330	약수동생고기	육류,고기요리	37.5558739	127.0094967	동호로 201 1층	영업 중	Y
1525625871	국수에 취하맨 신당본점	국수	37.5649875	127.0220156	다산로44길 89 1층	영업 중	N
12884901	참맛감자탕	감자탕	37.5536395	127.0096901	다산로 107	영업 중	N
2081509060	온정	한식	37.5611954	127.0179727	청구로 64 123동 1층 2-5호	영업 중	N
1564966368	병천순대국	순대,순댓국	37.5608895	127.0134945	다산로29길 9	영업 중	N
37691000	바람난수제비	한식	37.5665816	127.0125443	을지로45길 46 패션비즈센터 202호 바람난 수제비	영업 중	Y
37026228	개성순대국	순대,순댓국	37.5576749	127.0120426	다산로 155-1 2층	영업 중	N
1855302035	육전국밥 약수역점	국밥	37.5542706	127.0106891	다산로 118 1층	24시간 영업	Y
2002103955	국순철	한식	37.5549481	127.0109943	다산로 126 . 1층 103호	영업 중	Y
1602382021	냉면스쿨&신우촌갈비국밥	한식	37.5644271	127.0210909	퇴계로88길 23-5 1층	영업 중	N
331485114	형제정육식당	정육식당	37.5631721	127.0191320	다산로40길 56 1층 형제정육식당	영업 중	Y
1421995217	장충순대국	순대,순댓국	37.5609560	127.0113838	청구로 99	영업 중	N
1643360314	은계옥	국밥	37.5559565	127.0107800	동호로12길 13 2층	영업 중	Y
20938400	원조순대국	순대,순댓국	37.5624982	127.0161805	다산로36길 18	영업 중	N
47694346	비사벌전주콩나물국밥	국밥	37.5565662	127.0118810	다산로 146 서광빌딩	영업 중	N
2060097703	육대장 신당점	국밥	37.5649451	127.0240183	왕십리로 415	영업 중	N
38275724	소문난 순대집	순대,순댓국	37.5643784	127.0198139	퇴계로86길 27		N
2056282074	밀당 약수점	한식	37.5564142	127.0117900	다산로 144 1층	영업 중	N
38275314	마포갈비	육류,고기요리	37.5647400	127.0211509	퇴계로88길 17		N
38521957	신당소머리국밥	국밥	37.5648089	127.0209845	퇴계로88길 20 1층 신당소머리국밥	영업 중	Y
1856509553	계경순대국 청구점	순대,순댓국	37.5604546	127.0194585	다산로36나길 5 1층	영업 중	N
38491333	진사갈비	육류,고기요리	37.5606348	127.0137862	다산로 191	영업 중	N
2065927875	방치옥	한식	37.5618195	127.0144120	다산로 207 1층	영업 중	Y
1517827921	순대국 순대국뚝배기 청구역	순대,순댓국	37.5603763	127.0130791	청구로 83 1층 순대국뚝배기	영업 중	N
1309327781	근돼국밥 약수점	한식	37.5556178	127.0128738	다산로14길 28 1층		N
18085955	산수갑산	순대,순댓국	37.5653833	126.9953138	을지로20길 24	영업 중	N
1414693656	팔팔너구리해장 신당본점	한식	37.5659157	127.0183705	퇴계로 421 1층 2호	영업 중	Y
1558746318	진심	국밥	37.5626242	126.9942012	충무로2길 9 1층 107호	영업 중	N
1228283944	하동진	국밥	37.5657443	127.0160276	다산로 253-1 1층	24시간 영업	N
1209701527	하동진	국밥	37.5598989	127.0332042	행당로17길 17	영업 중	N
2093325170	장인국밥	국밥	37.5647910	127.0031387	마른내로 135 1층 (동대문역사문화공원역 6번출구)	영업 중	Y
2018114647	보승회관 이화사거리점	국밥	37.5759527	127.0024636	율곡로 212-1 1층	영업 중	N
2075452469	신금호 돼지국밥	국밥	37.5545474	127.0207333	행당로 6 1층 102호	영업 중	N
2035443773	참이맛감자탕 신설동점	감자탕	37.5722172	127.0238836	난계로26길 7 1층 참이맛감자탕	영업 중	Y
35044783	등마루	오리요리	37.5652581	127.0184348	퇴계로80길 5-7 1층	영업 중	N
31055314	평화식당	한식	37.5693291	127.0131759	마장로1길 28-19	24시간 영업	N
1222267529	수라깐	한식	37.5620171	127.0153246	다산로34길 5	영업 중	Y
1331888651	미미온	한식	37.5622393	127.0169689	다산로42나길 46 파라다이스아파트상가 101호	영업 중	N
1182395488	제일평화지하스낵	백반,가정식	37.5685731	127.0113830	마장로 13 지하 104호		N
763214084	삼시세끼집밥	백반,가정식	37.5612868	127.0106956	청구로 105 경진빌딩		N
37761896	119식당	한식	37.5642170	127.0108309	다산로33길 79-4 119식당	영업 중	N
1662143434	엄마백반 신당직영점	백반,가정식	37.5650698	127.0178679	다산로44길 15		N
34582011	양지식당	백반,가정식	37.5739033	127.0069119	율곡로29길 4	영업 종료	N
11619310	전주집	생선구이	37.5702900	127.0063610	종로40가길 5	영업 중	N
13575148	송정식당	한식	37.5702732	127.0058750	종로40가길 13	영업 중	N
19414197	삼미정	한식	37.5670040	126.9955094	을지로 157 대림상가 가열 355호	영업 중	N
13575298	강산옥	한식	37.5688665	126.9993298	청계천로 196-1	영업 종료	N
1244251260	잊지마식당	백반,가정식	37.5639589	126.9954730	퇴계로41길 47	24시간 영업	Y
1507074380	광주식당	한식	37.5708433	127.0175429	지봉로2길 15	오늘 휴무	N
1727721533	한상차림밥상 신설동	한식	37.5778721	127.0259560	한빛로 28 1층	영업 중	Y
1593068563	승우네식당	백반,가정식	37.5704887	126.9988221	종로 190-4 지상1층 승우네식당	영업 종료	N
1805905826	만나식당	백반,가정식	37.5607236	127.0323846	왕십리로21길 20	영업 중	Y
1081819007	성원식당 별관	육류,고기요리	37.5650582	126.9953664	을지로20길 32	영업 중	N
1172707530	도원 신설동점	육류,고기요리	37.5771894	127.0258394	왕산로3길 12-1 1층	영업 중	Y
1279278264	저저	한식	37.5631923	126.9955378	퇴계로41길 31 1층 101호	영업 중	N
30927007	영미식당	한식	37.5660163	127.0190568	퇴계로83길 10-14	영업 중	N
13154985	맹산식당	한식	37.5611770	127.0050099	동호로30길 37	영업 종료	N
33510647	평남할머니집	한식	37.5600536	127.0057870	장충단로 170-1	영업 중	Y
32839659	경상도식당	돼지고기구이	37.5686875	127.0054617	서울특별시 중구 을지로6가 1-1	영업 중	N
11710883	곽경찬의 시골밥상	한정식	37.5361321	126.9994535	이태원로 235 시골밥상	영업 중	Y
1419698980	성원식당	육류,고기요리	37.5648489	126.9953943	을지로20길 36	영업 중	N
37804151	참맛고깃집	육류,고기요리	37.5621921	127.0060726	퇴계로56길 35 1층 참맛고깃집	영업 중	Y
32242746	문경식당	돼지고기구이	37.5658770	126.9947640	을지로18길 11	영업 중	Y
33878671	한양냉삼	한식	37.5665992	127.0193428	퇴계로83길 22-35 1층 한양식당	영업 중	Y
32085211	전주본가영양돌솥밥	한식	37.5407742	127.0130680	한림말길 18 현대증권	영업 중	N
1029283004	태태삼겹 신당 2호점	육류,고기요리	37.5652769	127.0131736	퇴계로 373-3 2층	영업 중	Y
1509036672	녹	돼지고기구이	37.5579874	127.0116217	다산로21길 11 1층	영업 중	Y
37351404	그릴1492 본점	돼지고기구이	37.5651120	127.0125630	퇴계로 369 그릴1492 본점	오늘 휴무	Y
2057264133	백탄장흥집 신당본점	돼지고기구이	37.5650236	127.0177956	다산로44길 15 1층	영업 중	Y
2058826229	비프정 고기집	육류,고기요리	37.5649295	127.0147477	퇴계로74길 6 1층	영업 중	Y
18120809	담양숯불떡갈비	육류,고기요리	37.5530440	127.0114700	다산로10길 26	영업 중	Y
35788339	화돈가	육류,고기요리	37.5649283	127.0180391	다산로44길 20	영업 중	Y
1725261251	고기집 벌판 신당점	돼지고기구이	37.5606109	127.0196057	다산로36나길 11 1층	오늘 휴무	Y
11853003	삼삼이네 신당점	돼지고기구이	37.5623139	127.0185803	다산로38길 54 우덕빌딩	영업 중	N
1213908699	냉삼식당 신당점	육류,고기요리	37.5582003	127.0123509	다산로 163 1층 냉삼식당	24시간 영업	N
1571580044	산지	한식	37.5481064	127.0086339	다산로 32 스포츠센터동 1층 104호	오늘 휴무	N
37236133	태백산맥 약수역본점	육류,고기요리	37.5521775	127.0081943	다산로 85 태백산맥	영업 중	Y
879873274	청춘상회	육류,고기요리	37.5632770	127.0148332	퇴계로76길 50	영업 중	Y
1568290066	약수회관	육류,고기요리	37.5550750	127.0096773	동호로 193-6 1층	영업 중	Y
1968147035	터미날식당	육류,고기요리	37.5639546	127.0194834	퇴계로86길 38 1층 터미날식당	영업 중	Y
540737268	중앙정육식당	정육식당	37.5639585	127.0198388	다산로42길 70	영업 중	Y
1388385072	무학 돼지생갈비	육류,고기요리	37.5649585	127.0216371	다산로44길 84 1층	영업 중	Y
18091087	곰부부식당	한식	37.5636235	127.0147493	다산로35길 13	영업 중	N
13153610	우리숯불갈비	육류,고기요리	37.5626799	127.0190317	퇴계로86길 65 범석빌딩 1층	영업 중	Y
1599884387	엉터리 무한대패 신당점	육류,고기요리	37.5626099	127.0187880	퇴계로86길 70 1층	영업 중	Y
2013074803	한점	돼지고기구이	37.5623601	127.0168453	퇴계로80길 74 1층	영업 중	Y
13374726	새마을식당 약수역점	돼지고기구이	37.5559312	127.0110704	다산로 135 1층 새마을식당 숯불구이전문점	24시간 영업	Y
36073318	하누에뜰	소고기구이	37.5562340	127.0091793	동호로 207 하누에뜰	영업 중	Y
38275798	시골청국장	찌개,전골	37.5649912	127.0173109	다산로44길 5		N
1628701874	봉자막창 서울신당점	곱창,막창,양	37.5644549	127.0186153	다산로42길 43 1층	영업 중	Y
1624569862	삼곱식당 약수점	곱창,막창,양	37.5567562	127.0119458	다산로 148 1층	영업 중	Y
2017662534	봉자막창 서울 약수점	곱창,막창,양	37.5566898	127.0114686	다산로 143-1 1층	영업 중	Y
2046316014	갈포갈비 왕십리점	육류,고기요리	37.5602357	127.0332103	행당로17길 22 1층	영업 중	Y
2040807065	무지개회관 왕십리	돼지고기구이	37.5656936	127.0303492	무학로 16-2 1, 2층	영업 중	Y
2077173301	황금 가든	육류,고기요리	37.5582072	127.0354834	고산자로6길 40 105호,106호		N
2077714859	냉삼식당 충무로점	돼지고기구이	37.5609424	126.9939263	퇴계로 198 1층	영업 중	N
1851839132	신당한우곱창	곱창,막창,양	37.5639668	127.0161636	다산로 236	영업 중	Y
31390981	장다리	곱창,막창,양	37.5531480	127.0113400	동호로7길 13-6	영업 중	N
38668097	곱창명가	곱창,막창,양	37.5534838	127.0110405	동호로 173 1층 111호	영업 중	Y
20991934	기호네곱창구이	곱창,막창,양	37.5639578	127.0195708	다산로42길 62 1층 기호네곱창	영업 중	N
37165750	우왕소곱창	곱창,막창,양	37.5649593	127.0242307	왕십리로 413 1층 우왕소곱창	영업 중	Y
1020031454	곱당	곱창,막창,양	37.5647385	127.0236354	다산로44길 119 1층	영업 중	Y
2065147611	더제곱	곱창,막창,양	37.5647773	127.0217216	다산로44길 86-3 1층	영업 중	Y
1835329670	군자대한곱창 약수역점	곱창,막창,양	37.5555855	127.0106096	동호로12길 6 2층	영업 중	Y
1294634578	호루몬우직 신당역점	소고기구이	37.5637831	127.0145550	다산로35길 19-1 1층	영업 중	Y
1315466410	곱술 신당점	곱창,막창,양	37.5609516	127.0131244	다산로29길 15 1층 곱술	영업 중	N
1447419685	땅스부대찌개 신당점	찌개,전골	37.5647450	127.0196356	퇴계로86길 18	영업 중	N
18705386	곱창박사	곱창,막창,양	37.5669167	127.0134875	퇴계로73가길 34		N
1997971542	미옥이네곱창	곱창,막창,양	37.5650229	127.0192846	다산로44길 40-1 1층	영업 중	N
1528030186	코소코소 신당역점	일식당	37.5647653	127.0198006	퇴계로86길 17 1층 koso koso	영업 중	N
1874614285	곱도리탕전문점 신당점	곱창,막창,양	37.5638223	127.0206522	다산로42길 81 1층 101호	24시간 영업	N
2067369770	감성낙곱새 중구점	한식	37.5624955	127.0144627	퇴계로76길 66	영업 중	N
1175488566	고삐	한식	37.5642603	127.0218721	퇴계로90길 26 1층 4호	영업 중	Y
37638224	원봉뼈감자탕	감자탕	37.5537079	127.0108789	다산로 114-12	24시간 영업	N
1007344482	롱쓰 부대찌개 신당금호점	한식	37.5590171	127.0185747	청구로1길 23 신당삼성아파트 후문 제2상가 1층 101호 몽그리부뚜막	영업 중	N
1314040053	와우소곱창 신당점	한식	37.5645661	127.0133790	다산로39길 45		N
18708268	황금곱창구이	곱창,막창,양	37.5555651	127.0126624	다산로14길 24-4		N
1109111387	와우곱창 신당점	야식	37.5645661	127.0133790	다산로39길 45 1층 5호		N
13133331	이랑이네곱창	곱창,막창,양	37.5639926	127.0194967	다산로42길 62		N
1096638962	대명소곱창 왕십리점	곱창,막창,양	37.5623008	127.0349066	무학로2길 50	영업 중	Y
152310007	제일곱창 본점	곱창,막창,양	37.5648702	127.0361642	고산자로 281 1층 제일곱창	영업 중	Y
32602489	진성한우곱창 신당직영점	곱창,막창,양	37.5648592	127.0159390	다산로 243-1	영업 중	Y
11619623	왕십리맛나곱창	곱창,막창,양	37.5649665	127.0361594	고산자로 281-1	영업 중	Y
17959000	더우리곱창	곱창,막창,양	37.5702333	127.0044000	종로36나길 9	영업 중	Y
12031284	땡초곱창	곱창,막창,양	37.5679292	127.0210326	퇴계로87길 54	24시간 영업	N
1804050887	신설동 부산양곱창	곱창,막창,양	37.5765693	127.0234307	보문로 12 1층	영업 중	Y
37224962	전봇대곱창	곱창,막창,양	37.5693551	127.0195061	마장로9길 23	영업 중	N
1735239321	곱순이네	곱창,막창,양	37.5615362	127.0330301	무학봉26길 12	영업 중	N
1504535668	동신곱창 신설동 본점	곱창,막창,양	37.5762048	127.0228014	보문로1길 6 1층	영업 중	Y
17960808	할머니곱창	곱창,막창,양	37.5703743	127.0045404	종로40가길 39-3	영업 중	Y
1498236014	우온소곱창	곱창,막창,양	37.5634946	127.0154654	다산로 227 1층	영업 중	Y
18091090	약수한방삼계탕	백숙,삼계탕	37.5514504	127.0077099	다산로 77 1층 약수한방삼계탕	영업 중	Y
20834936	매운여자	요리주점	37.5661020	127.0138260	퇴계로73길 17 1층	영업 중	Y
36420030	왕놀부네포장마차	포장마차	37.5601804	127.0132509	청구로 83-9	영업 중	Y
1191707736	약수동춘천막국수	찜닭	37.5534147	127.0103314	다산로10길 6 1층 골목길	영업 중	Y
2074638799	동대문엽기떡볶이 약수점	분식	37.5559865	127.0111154	다산로 135-1 1층	영업 중	Y
36859478	양푼이포차	포장마차	37.5644236	127.0206939	퇴계로88길 28 1층	영업 중	Y
20713019	행님아 동대문점	요리주점	37.5666496	127.0138043	퇴계로73길 31 국제빌딩 2층	24시간 영업	N
21575985	은좌식당	닭요리	37.5628853	127.0332167	왕십리로 330	영업 중	Y
1246265068	천계 닭한마리	한식	37.5640450	127.0152807	퇴계로76길 28 1층 2층	영업 중	Y
1824319884	한사발포차 신당점	요리주점	37.5661150	127.0174031	퇴계로81길 7-18 1층	영업 중	Y
11619295	진옥화할매원조닭한마리	닭요리	37.5703500	127.0057389	종로40가길 18	영업 중	N
1284747224	77년생 곱도리전골식당 동대문점	한식	37.5730815	127.0111485	창신3길 8 1층	영업 중	Y
35788384	문화주점	요리주점	37.5338577	126.9939798	보광로 125 2층	영업 중	Y
1204998172	김실력포차	요리주점	37.5350558	126.9942718	이태원로27가길 18 1층	영업 중	Y
1514444516	계화정 동대문현대시티아울렛점	닭요리	37.5683116	127.0074175	장충단로13길 20 현대시티아울렛 지하2층 계화정	영업 중	N
31139796	한남 북엇국	한식	37.5339681	127.0080799	독서당로 65-7	영업 중	N
1925689911	레인보우포차	요리주점	37.5667455	127.0067536	을지로43길 9 2층	영업 중	Y
2069045880	한양 사람 모이는 곳	한식	37.5624187	127.0326673	무학봉28길 3-1 102호	영업 중	Y
11724502	명동닭한마리 본점	닭요리	37.5703217	127.0058702	종로40가길 14 명동 닭한마리	영업 중	N
33068253	종로계림닭도리탕원조 본점	닭볶음탕	37.5701764	126.9945007	돈화문로4길 39	영업 중	N
1442021510	우리예술	요리주점	37.5624534	127.0059399	장충단로7길 10 2층	영업 중	Y
1774506769	명동닭한마리 시조점	닭요리	37.5703883	127.0061275	종로40가길 10	영업 중	Y
1400371821	종로계림닭도리탕원조 충무로직영점	닭볶음탕	37.5623497	126.9955208	충무로2길 43 1, 2층	영업 중	Y
20470161	한방닭한마리	닭요리	37.5628506	127.0335919	왕십리로24길 1-1 1층한방닭한마리	영업 중	Y
35387387	내림손삼계탕	백숙,삼계탕	37.5674462	127.0076424	장충단로 249-24 2층 내림손삼계탕	영업 중	Y
17892530	순천식당	육류,고기요리	37.5634250	127.0340749	왕십리로24길 9-1 1층 순천식당	영업 중	Y
1914417752	신당상회	요리주점	37.5661276	127.0178103	퇴계로81길 7-6 1층	영업 중	Y
1768639391	영동골방	한식	37.5593600	126.9963623	필동로 25 1층	영업 중	N
1755514902	레인보우포차	요리주점	37.5606650	127.0330143	행당로17길 26 2층	영업 중	Y
20259850	이태원 대흥정육식당	정육식당	37.5340624	126.9950481	보광로60길 15 1층	영업 중	N
1508290438	용강식당	한식	37.5646038	126.9954340	을지로20길 40	영업 중	N
20842036	행당닭한마리	한식	37.5599440	127.0333170	행당로17길 18	영업 중	N
17963199	초당	한식	37.5718989	127.0072325	율곡로30길 23-5	영업 중	N
17900252	먹거리장터2	포장마차	37.5598166	127.0334749	행당로17길 16	영업 중	N
19409971	몽돌이네	한식	37.5659416	126.9950999	을지로20길 10-7 대운빌딩	영업 중	Y
2098188769	도성 닭한마리	한식	37.5674074	127.0074186	을지로43길 30 2층 202호	영업 중	N
11737132	처가집	한식	37.5530495	127.0081959	동호로11가길 22	영업 중	Y
11680069	만포막국수	막국수	37.5558417	127.0103117	동호로14길 2	영업 중	N
1871045928	동궁찜닭 신당왕십리점	찜닭	37.5647023	127.0235697	다산로44길 119	영업 중	N
37326547	통큰왕족발보쌈	족발,보쌈	37.5512329	127.0126432	다산로 32	24시간 영업	N
1860680865	대단한찜닭	한식	37.5618512	127.0213108	퇴계로90길 74 지1층 113호	영업 중	N
1993752170	마늘을 품은 찜닭 신당점	한식	37.5638293	127.0206614	다산로42길 81 1층 102호	24시간 영업	N
37615508	해동안동찜닭	찜닭	37.5599220	127.0216447	다산로36길 109	24시간 영업	N
37695853	옛고을안동찜닭	찜닭	37.5536154	127.0110594	동호로 173	24시간 영업	N
37388577	화끈한본초불닭	닭발	37.5512589	127.0127057	다산로 32	24시간 영업	N
1676013317	찜닭에 꽂힌 닭집애 약수점	한식	37.5523453	127.0108795	동호로7길 31		N
37642320	엄마손안동찜닭	찜닭	37.5613821	127.0224102	퇴계로90길 74	24시간 영업	N
1798193024	진영이네	맥주,호프	37.5697733	126.9948323	종로26길 14	영업 중	Y
1209862892	이태원블루스	요리주점	37.5350666	126.9944068	이태원로27가길 16 1층	영업 중	Y
37294188	너찜했닭	찜닭	37.5634309	127.0301603	무학봉15길 27-3 1층	영업 중	Y
2093138093	두찜 동대문DDP점	찜닭	37.5646099	127.0067243	마른내로 167-1 2층(광희동1가)	영업 중	N
1429349709	칠성포차 신설동역점	포장마차	37.5763794	127.0247292	왕산로 11 1층	영업 중	Y
32708698	봉추찜닭 동대문굿모닝시티점	찜닭	37.5669464	127.0074368	장충단로 247 굿모닝시티 쇼핑몰 9층	영업 중	Y
34842587	봉추찜닭 충무로점	찜닭	37.5614707	126.9976412	서애로 12-10	영업 중	Y
1074627889	두찜 성동왕십리점	찜닭	37.5692452	127.0258646	마장로 137 402동 1층 115호 (텐즈힐)	영업 중	N
1905466294	두찜 성동금호점	찜닭	37.5485051	127.0229004	독서당로 303-10 1층 (금호동3가)	영업 중	N
1892696591	일미리금계찜닭 텐즈힐점	찜닭	37.5695199	127.0237285	서울특별시 성동구 상왕십리동 96-24 텐즈힐2구역상가 2층 134호	영업 중	N
2000741343	산골면옥	막국수	37.5669432	126.9973241	을지로 175-3	영업 중	Y
37537227	얼큰이안동찜닭	찜닭	37.5743472	127.0149674	지봉로5길 7	24시간 영업	N
37542174	장터굴보쌈족발	족발,보쌈	37.5670417	127.0073308	장충단로 247	24시간 영업	N
1652435246	오마이갓도리 프리미엄닭도리	한식	37.5644041	127.0349790	무학로6길 50 삼성쉐르빌 101동 푸드코트 164호	영업 중	N
2032672750	진교동찜닭 충무로역점	찜닭	37.5621975	126.9994494	퇴계로 248 103호(묵정동, 충무로스위트엠)	영업 중	N
37455191	삼형제장충왕족발	족발,보쌈	37.5674313	127.0165418	다산로 274	24시간 영업	N
37392138	한성장충왕족발	족발,보쌈	37.5744636	127.0149917	지봉로5길 7	24시간 영업	N
1551457889	안동장인찜닭	찜닭	37.5647528	127.0149058	퇴계로74길 7	영업 중	N
1332488161	통닭주는 찜닭집 만개화닭 동대문점	한식	37.5716486	127.0135732	종로 322-11 1층		Y
1788550689	면을품은찜닭 창신본점24시	한식	37.5718927	127.0137269	종로54길 8-5		N
37387727	명인의정부부대찌개	찌개,전골	37.5476193	127.0153617	동호로 93	24시간 영업	N
37427233	삼다도해물찜	아귀찜,해물찜	37.5605613	127.0352913	고산자로 234	24시간 영업	N
1438806884	신당동 떡볶이	떡볶이	37.5629320	127.0151005	다산로 221	24시간 영업	Y
1355313489	마복림할머니 막내아들네	떡볶이	37.5629282	127.0151501	다산로 221	24시간 영업	Y
1417644342	떡세스떡볶이 왕십리점	떡볶이	37.5661295	127.0320786	왕십리로28길 28-1 1층 떡세스떡볶이 왕십리점	영업 중	Y
20709878	진미떡볶이	종합분식	37.5621844	127.0187872	다산로38길 60	오늘 휴무	N
18118433	미니네	떡볶이	37.5628680	127.0151300	다산로 219-1	영업 중	Y
1393537845	신당동전통즉석떡볶이	떡볶이	37.6335846	126.8327845	화신로260번길 57 요진타워 지하1층		N
1926686111	은사즉석떡볶이 성수1호직영점	떡볶이	37.5472899	127.0490213	상원4길 6 1층	영업 종료	N
18928892	신당동즉석떡볶이	종합분식	37.5556483	126.8543950	공항대로 423 신성빌딩	영업 중	N
16718009	신당동옛날떡볶이 김제점	종합분식	35.7998728	126.8882815	화동길 5	영업 중	N
1582061057	은사즉석떡볶이 호원점	떡볶이	37.7093155	127.0482095	평화로 196 1층 109호	영업 중	Y
1832678322	신당동즉석떡볶이	떡볶이	37.8829658	127.0518380	중앙로33번길 59-18	영업 중	N
16242121	신당동옛날떡볶이	떡볶이	36.3508102	127.3970666	문정로170번길 204	영업 중	N
1486442667	소소떡볶이 경희궁자이점	분식	37.5715570	126.9613066	송월길 155 경희궁자이 상가 4109호	영업 중	N
1136971155	마복림할머니막내아들네 신당동원조2호	떡볶이	37.5629630	127.0149995	퇴계로76길 51	영업 중	N
1434625288	상계즉석떡볶이	떡볶이	37.6601928	127.0746323	덕릉로83길 14-3 2층	영업 중	Y
1420005820	신당동떡볶이	종합분식	37.6531137	127.1427813	퇴계원로 71		N
1595735614	소소떡볶이 구리수택점	분식	37.5918426	127.1401982	체육관로80번길 41 1층 소소떡볶이 구리수택점	영업 중	N
1244299034	신당동즉석떡볶이	떡볶이	37.4979307	126.7711089	조마루로 246	영업 중	N
17756207	신당동떡볶이	종합분식	36.8554498	127.4434856	중앙동2길 12	영업 중	N
15357464	신당동떡볶이	떡볶이	35.2372416	128.5826274	양덕북4길 11	영업 중	N
1205962375	들국화떡볶이	떡볶이	37.5625312	127.0147365	퇴계로76길 61 신당동	영업 중	Y
1174411107	쵸로 신당	일식당	37.5650600	127.0180510	다산로44길 19 1층	오늘 휴무	Y
1427909906	신당동떡볶이	떡볶이	35.1327256	126.9087595	대남대로149번길 12 1층	영업 중	Y
1632930859	베이커리텐 신당	베이커리	37.5634535	127.0119096	다산로33길 57 1층	영업 중	N
1346517906	횬카페	카페,디저트	37.5623896	127.0142351	다산로33길 12 102호	영업 중	Y
1789172280	후토루 신당점	분식	37.5627748	127.0158503	다산로36길 8 1층	영업 중	N
21453598	신당동떡볶이	종합분식	36.3473959	127.3676865	신갈마로155번길 9		N
1613160971	원조신당동떡볶이	떡볶이	37.6335928	126.8327833	화신로260번길 57 요진타워 지하1층 원조신당동떡볶이	영업 중	N
33331855	풍미분식	종합분식	37.5529218	127.0101996	다산로8길 11		N
1974802715	이태원숙이네닭발 약수본점	닭발	37.5547479	127.0093379	다산로11길 19 신관 102호	영업 중	N
1666828290	수낙 신당	요리주점	37.5648661	127.0192580	퇴계로84길 19 1층	영업 중	N
1836536456	이삭토스트 신당점	토스트	37.5651825	127.0134827	퇴계로 377	영업 중	Y
2082598607	싸다김밥 약수역점	분식	37.5555143	127.0108351	다산로 129-1 101호	24시간 영업	Y
1486701576	분식을품다 약수점	종합분식	37.5541377	127.0104598	다산로 114-1 1층	영업 중	Y
1675965280	떡순튀 약수점	종합분식	37.5532062	127.0108016	동호로7길 14 1층 107호(신당동, 약수역 더시티)	영업 중	N
1448767206	김밥천국 신당2동점	분식	37.5539100	127.0094720	동호로11길 29 1층 김밥천국	영업 중	N
37370644	슬기분식	종합분식	37.5548038	127.0117300	동호로10길 17	영업 중	N
31083372	신전떡볶이 동대문신당점	분식	37.5642030	127.0139578	다산로35길 33	영업 중	N
1906864475	야야찐만두	만두	37.5613444	127.0106344	청구로 107 101호	영업 중	N
1939197954	본가네	한식	37.5691852	127.0119025	마장로1길 25 지하1층	24시간 영업	Y
2092050521	야후만두	만두	37.5593774	127.0123221	동호로12길 96 1층 야후만두	영업 중	Y
1955388975	청평화	종합분식	37.5695221	127.0149871	청계천로 334		N
1454229939	좁은집	김밥	37.5625776	127.0165939	다산로42가길 49	영업 중	N
1287098083	꼬르륵키친	라면	37.5604151	127.0131066	청구로 83 1층 꼬르륵키친	영업 중	N
1623456380	영글찬김밥	김밥	37.5523049	127.0108648	동호로7길 31	영업 중	N
1531386630	김밥천국 신당점	분식	37.5633749	127.0191375	다산로40길 55	24시간 영업	N
1163220882	여주분식	종합분식	37.5642093	127.0103729	청구로 140-1		N
1516586947	약수떡볶이	종합분식	37.5524159	127.0119845	다산로8길 46 1층	영업 중	Y
20885132	민지네분식짱	종합분식	37.5533209	127.0087535	동호로11길 46	영업 중	N
2143454487	미순이네분식	종합분식	37.5694752	127.0124393	청계천로 318 동평화의류상가		N
1100167286	엄마손김밥	종합분식	37.5467894	127.0080672	다산로 32 남산타운 6상가	영업 중	N
2014953961	일월만두 약수	만두	37.5532731	127.0093199	다산로 101 1층	영업 중	Y
2067037941	진성만두 용두점	만두	37.5767034	127.0333044	왕산로22길 30 1층	영업 중	N
2000723939	달떡볶이 금호점	분식	37.5482451	127.0174677	장터길 14-2 1층	영업 중	Y
36802307	옛날홍두깨손칼국수	칼국수,만두	37.5524671	127.0106851	동호로7길 32 1층	영업 중	N
1331941903	백하돼지생갈비 신당본점	육류,고기요리	37.5634347	127.0188947	다산로40길 51 1층	영업 중	Y
1492847791	임성근국가공인진갈비 서울신당점	육류,고기요리	37.5649919	127.0166063	다산로42길 3 1층	24시간 영업	Y
1126897885	신난당조개찜	조개요리	37.5647761	127.0131548	퇴계로 374 1층 101호	영업 중	Y
18119407	사랑방칼국수	칼국수,만두	37.5539739	127.0092043	동호로11길 30	영업 중	Y
38304911	일품칼국수	칼국수,만두	37.5650979	127.0182771	다산로44길 23 1층 일품칼국수	영업 중	N
2033619889	고향 엄마손 생바지락 칼국수 신당역점	칼국수,만두	37.5653324	127.0175474	퇴계로 414 1층 8호 고향엄마손생바지락칼국수 신당역점	영업 중	N
1810676234	약수동칼국수	칼국수,만두	37.5574223	127.0135999	다산로22길 23 1층	영업 중	N
1327093860	신당 닭한마리	닭요리	37.5627587	127.0188555	퇴계로86길 68 1층 신당 닭한마리	영업 중	Y
2041604803	강풍해물칼국수 보쌈 모듬전	칼국수,만두	37.5649998	127.0144560	퇴계로 386-1 1층	영업 중	Y
1232228147	참숯꼼장어	장어,먹장어요리	37.5650360	127.0210223	다산로44길 72	영업 중	N
1081565295	강한만두	칼국수,만두	37.5693348	127.0127363	마장로1길 28-7 1, 2층	영업 전	Y
11822415	신당동천팥죽	죽	37.5651432	127.0187960	다산로44길 33	영업 중	N
13445088	알천면옥	냉면	37.5609217	127.0186072	다산로36길 71	영업 중	N
1451923115	춘천막국수	막국수	37.5631141	127.0179072	퇴계로80길 45-6 한주빌딩 1층	영업 중	Y
1764618287	녹동뻘낙지	낙지요리	37.5580196	127.0122198	다산로 159	영업 중	N
1678393567	뚝도손칼국수	칼국수,만두	37.5645608	127.0183100	다산로42길 37	영업 중	N
1454539471	신당동칼국수	칼국수,만두	37.5620095	127.0168662	다산로36길 36		N
1690878064	백남옥달인손만두 신당점	칼국수,만두	37.5612579	127.0182751	퇴계로86길 101 1층	영업 중	N
1533683207	철희팥죽	죽	37.5627798	127.0188820	퇴계로86길 68	영업 중	N
1099126848	우리들깨칼국수	칼국수,만두	37.5640458	127.0206738	퇴계로88길 35		N
2143231678	왕만두집	칼국수,만두	37.5578679	127.0113368	청구로17길 77		N
38275736	손칼국수집	칼국수,만두	37.5645495	127.0206939	퇴계로86길 15-37		N
1964656612	하니칼국수	칼국수,만두	37.5661854	127.0172182	퇴계로 411-15 1층 하니칼국수	영업 중	N
2016520941	오늘보쌈칼국수 왕십리본점	한식	37.5605461	127.0330660	행당로17길 24-1 1층	영업 중	Y
36317606	꾸왁칼국수	칼국수,만두	37.5682937	126.9972173	창경궁로 67-13 꾸왁칼국수 1층	영업 중	Y
2042731751	박만배아리랑보쌈 왕십리점	족발,보쌈	37.5620515	127.0329142	무학봉28길 8 1층	영업 중	Y
1709664208	낙원의소바 보쌈칼국수 충무로역본점	돈가스	37.5618772	126.9983275	서애로 2 2층	영업 중	Y
1959421088	재벌국수 신설동점	국수	37.5754651	127.0262570	하정로3길 7-3 1층	영업 중	Y
11706951	원소닭/원할매소문난원조닭한마리	닭요리	37.5703073	127.0053140	종로40가길 25 원소닭/원할매소문난원조닭한마리	영업 중	Y
18777061	일품백송칼국수	한식	37.5603472	127.0350473	고산자로12길 1-1	영업 중	N
33252259	떡갈신냉면	냉면	37.5618792	127.0141383	청구로8길 36	영업 중	N
1915255406	춘향미엔 신당점	중식당	37.5625117	127.0154462	다산로 218 1층	영업 중	N
1783366029	영삼이네 우정소갈비 약수점	소고기구이	37.5576918	127.0125115	다산로 156 1층	영업 중	Y
38554629	제일할매냉면	냉면	37.5685400	127.0114025	마장로 13 제일평화시장 4층	브레이크타임	Y
1611400245	평옥	냉면	37.5634130	127.0164766	퇴계로78길 43 1층	영업 중	Y
38522603	멸치국수 맛있는집	한식	37.5547334	127.0112165	동호로 186-3	영업 중	N
2091678288	조선냉면 중구점	냉면	37.5649247	127.0242244	왕십리로 413 지하1층		N
1406427228	고기주는 냉면	한식	37.5645939	127.0115180	다산로39길 79 1층		N
1983379674	불고기쌈냉면	한식	37.5605945	127.0195730	다산로36나길 11		N
1224937716	정선생 얼음냉면	야식	37.5648995	127.0241835	왕십리로 413		N
1001675725	고기랑냉면&고기떡볶이	한식	37.5638293	127.0206614	다산로42길 81		N
1576210796	영수냉면	한식	37.5647192	127.0236161	다산로44길 119		N
11679381	우래옥	냉면	37.5682697	126.9987029	창경궁로 62-29	영업 중	Y
11678838	필동면옥	냉면	37.5603727	126.9969235	서애로 26	영업 중	N
19866570	오장동함흥냉면	냉면	37.5643109	126.9999668	마른내로 108 오장동함흥냉면	영업 중	N
11724946	낙산냉면	냉면	37.5744730	127.0152547	지봉로5길 8	영업 중	Y
11629838	깃대봉냉면	냉면	37.5714179	127.0225185	청계천로 400 베네치아메가몰 2층 2038호	영업 중	N
11701245	함흥곰보냉면	냉면	37.5716701	126.9969155	창경궁로 109 세운스퀘어 401호	영업 중	N
13130477	부원냉면	냉면	37.5483916	127.0202387	장터길 39	영업 중	N
13578191	평양면옥	냉면	37.5633790	127.0066739	장충단로 207	영업 중	Y
11723266	골목냉면	냉면	37.5485386	127.0219617	독서당로 295-7	영업 중	Y
11678488	오장동흥남집 본점	냉면	37.5643768	127.0005287	마른내로 114 흥남집	오늘 휴무	Y
1413539412	봉밀가 행당점	냉면	37.5548528	127.0347199	고산자로 164 한신상가 하나은행 건물 지하1층 5호	영업 중	N
2086795567	수유골목냉면 종로직영점	냉면	37.5723239	126.9991905	창경궁로 112-24 1층	영업 중	Y
1701633989	소동천	중식당	37.5651952	127.0222071	퇴계로 456 1층 소동천	영업 중	Y
13152723	만다리	중식당	37.5574869	127.0133933	다산로22길 17 1층 만다리	영업 중	Y
20838803	청산중화요리	중식당	37.5609290	127.0131123	다산로29길 15	영업 중	Y
37797370	보보차이나	중식당	37.5655093	127.0194132	퇴계로 430	영업 중	N
1960916353	뽕사부 약수점	중식당	37.5547528	127.0111679	동호로 186-3 1층	24시간 영업	Y
1282693601	바이하이	요리주점	37.5538071	127.0124786	동호로8길 17 1층	영업 중	N
1905703772	동대문마라탕&훠궈	중식당	37.5653139	127.0171797	퇴계로 410 동대문마라탕&훠궈	영업 중	Y
1536470146	진사부 우육면	중식당	37.5596074	127.0131602	다산로 181 1층 102호 진사부 우육면	영업 중	N
1131518944	중화요리송림	중식당	37.5549253	127.0098737	동호로 191	영업 중	N
1415020277	신룽푸마라탕 신라점	마라탕	37.5581337	127.0084912	동호로 228-1 2층	영업 중	Y
801256573	짬뽕지존 신당점	중식당	37.5624208	127.0152983	다산로 216	24시간 영업	Y
192678211	미선미식성	중식당	37.5666263	127.0138126	퇴계로73길 31 국제빌딩	24시간 영업	N
1955452990	이화원	중식당	37.5592502	127.0128902	다산로 175 2층 이화원	영업 중	Y
12765194	신당양꼬치	중식당	37.5636092	127.0147700	다산로35길 13	영업 중	N
1420843785	홍콩반점0410 약수역점	중식당	37.5550218	127.0110866	다산로 128	영업 중	Y
692083275	손수타	중식당	37.5550318	127.0092790	동호로 195-14 대승빌딩	영업 중	N
1789645254	루외루	중식당	37.5690808	127.0135309	마장로1가길 23 DWP 9층	24시간 영업	Y
36229328	연숙양꼬치	중식당	37.5649046	127.0180782	다산로44길 20		N
1093367995	따따베이 키친	중식당	37.5613115	127.0121873	청구로14길 12 1층 따따베이 키친	영업 중	N
18123106	춘발원	중식당	37.5632676	127.0195781	퇴계로88길 61	영업 중	Y
35347049	팔보반점	중식당	37.5616445	127.0136033	다산로31길 13		N
38275095	다래원	중식당	37.5646136	127.0175544	다산로42길 24		N
1894390133	고향정식당	중식당	37.5673623	127.0144014	퇴계로73길 54-13 제2층		N
1667353799	마라쑈허이야(신당점)	중식당	37.5647049	127.0169342	다산로42길 12		N
1884191465	한성마라탕 신당점	중식당	37.5647597	127.0191915	퇴계로84길 20		N
1743688117	팔보반점	중식당	37.5511999	127.0127426	다산로 32 (신당동)		N
1137833127	준성이네	중식당	37.5636677	127.0114667	청구로22길 36 1층		N
1196443502	시카고짬뽕 신당점	중식당	37.5645661	127.0133790	다산로39길 45		N
1864542886	꿔바로우 주는 마라탕 신당점	중식당	37.5645661	127.0133790	다산로39길 45		N
1261145015	진시황	중식당	37.5595455	127.0200381	다산로36길 110		N
1458344587	고거다	중식당	37.5537874	127.0108311	다산로 114-12		N
18117343	흥인장	중식당	37.5693383	127.0127312	마장로1길 28-9		N
140139147	한남동자리 한남점	중식당	37.5380074	127.0021271	이태원로54길 5-5 한남동자리 한남점	영업 중	N
1174063499	짬뽕취향 신설동점	중식당	37.5771090	127.0247535	한빛로 13 1층	영업 중	Y
1523773931	효제루	중식당	37.5726942	127.0021758	대학로 18 1층	영업 중	N
1140604135	미미가	중식당	37.5793088	127.0218615	보문로13나길 18 1층	영업 중	Y
1700640711	태화루	중식당	37.5610168	127.0011330	퇴계로50길 37	영업 종료	N
2032433763	전자방 필동점	중식당	37.5609789	126.9969898	퇴계로44길 21 1층	영업 중	Y
2053839494	구오 한남점	중식당	37.5357964	127.0004917	이태원로54길 58-28 2층	영업 중	Y
1141593329	도야짬뽕 동대문점	중식당	37.5702291	127.0056886	종로40가길 17 1층	영업 중	Y
37471932	동대문 일품손짜장	중식당	37.5703838	127.0103421	종로46길 29 1층	영업 중	Y
1522934780	홍익짬뽕 신설직영점	중식당	37.5765388	127.0254569	왕산로 17 1층 홍익짬뽕	영업 중	N
1887736448	태태	중식당	37.5436519	127.0153310	한림말3길 29 2층	영업 중	N
18777124	동해루	중식당	37.5581393	127.0366857	고산자로8길 26	영업 중	N
1409618474	양복점 신당점	양꼬치	37.5650497	127.0208748	다산로44길 68 1층	영업 중	Y
2091720701	초선마라 약수점	마라탕	37.5561651	127.0111550	다산로 137-1 지하1층	영업 중	N
1343141453	브라더양꼬치&마라탕 동대문점	양꼬치	37.5646587	127.0119458	다산로39길 72 1층	영업 중	N
134406366	신룽푸마라탕두타몰점	중식당	37.5685686	127.0091196	장충단로 275 두산타워빌딩　B2	영업 중	N
1272253718	마라전설 본점	중식당	37.5653042	127.0251900	왕십리로 410 제이동 135호	영업 중	N
1880802151	마라민족 마라탕 마라샹궈	중식당	37.5666557	127.0238031	왕십리로 410 i동 1층 125호	영업 중	N
1547974180	샹츠마라 왕십리직영점	중식당	37.5639768	127.0343362	왕십리로24길 18 2층	영업 중	Y
1249013838	라화방마라탕 동국대점	중식당	37.5609803	126.9984826	서애로1길 10 1층	영업 중	Y
1167210525	마라식객 필동점	중식당	37.5607204	126.9966888	퇴계로42길 23 은은빌딩 1층	영업 중	Y
1482076077	대홍샤브샤브 창신점	중식당	37.5720801	127.0114670	종로 303 2층	영업 중	Y
1193854870	벽돌해피푸드 한남점	중식당	37.5359556	127.0000463	이태원로 238 제2호 지하 1층	영업 중	Y
1982206713	마라순코우 마라탕 신금호점	마라탕	37.5539435	127.0206921	금호로 143 1층	영업 중	Y
1094104823	마부마라탕&샹궈	마라탕	37.5668782	127.0068578	을지로43길 13 2층	영업 중	Y
1822847822	동묘문 동묘	중식당	37.5717054	127.0147998	종로52길 43-9 1층	영업 중	N
1193677681	오라카이 대학로 호텔 탕초루	마라탕	37.5756401	126.9987136	율곡로 180 오라카이 대학로 호텔 3층	영업 종료	Y
2096085303	샹츠마라 동국대점	마라탕	37.5616103	126.9981982	서애로 6-1 2층	영업 중	Y
1711951701	레드문	중식당	37.5350306	127.0095320	한남대로20길 41-4 지하 1층	영업 중	Y
2002135490	천라쿵푸마라탕 왕십리점	마라탕	37.5647794	127.0292128	왕십리로 410 L동 1층 106호	영업 중	N
1149315392	춘리마라탕 왕십리점	마라탕	37.5639105	127.0354038	왕십리로24나길 20 1층	영업 중	Y
1476587762	춘리마라탕 금호점	마라탕	37.5482564	127.0184353	장터길 22-2	영업 중	N
1102909614	촨촨지우바	중식당	37.5670649	126.9954936	을지로 157 대림상가 3층 가358,359	영업 중	N
2005206661	탕화쿵푸마라탕 신금호점	마라탕	37.5541700	127.0197026	금호산길 68 1층	영업 중	Y
2004610247	탕화쿵푸마라탕 동대문점	마라탕	37.5676577	127.0076093	을지로43길 34 지하1층 탕화쿵푸마라탕	영업 중	Y
1575079574	라홍방마라탕 종로5가점	마라탕	37.5715213	127.0015541	대학로1길 6 1층	영업 중	Y
1419789374	보배반점 을지로점	중식당	37.5645916	126.9958485	마른내로 71 1층	영업 중	Y
34896862	하얼빈양꼬치샤브샤브	양꼬치	37.5756159	127.0262702	하정로3길 6 1층	영업 중	N
1136116147	King수제만두	중식당	37.5764787	127.0241589	한빛로 3 1층	영업 중	N
1498514604	양치기 소녀 신설동점	양꼬치	37.5749289	127.0250552	천호대로 13 1층	영업 중	Y
382125469	복향원판점	중식당	37.5609485	126.9982127	서애로1길 6-4		N
1582792315	15 일오	요리주점	37.5612351	126.9965778	퇴계로42길 12 1층	영업 중	Y
35142905	마라	중식당	37.5368109	127.0000327	이태원로 243 4층	영업 중	Y
1907037743	라쿵푸마라탕 금호점	마라탕	37.5543378	127.0205286	금호로 148-1	영업 중	N
2087561274	희가회전샤브 현대아울렛 동대문점	샤브샤브	37.5683766	127.0073625	장충단로13길 20 지하1층	영업 중	Y
1723056861	춘리마라탕 신당점	마라탕	37.5665041	127.0145775	다산로47길 27	24시간 영업	Y
1095379789	마라부엌	마라탕	37.5584206	127.0318518	행당로15길 4	영업 중	N
13111348	하이가쯔	돈가스	37.5557751	127.0109980	다산로 133 1층 하이가쯔	영업 중	Y
1806958297	시키카츠 신당점	돈가스	37.5638034	127.0183316	다산로42나길 14 1층 시키카츠	영업 중	N
1493327452	도깨비우동	일식당	37.5649045	127.0247387	왕십리로 407 신당 파인힐 하나유보라 상가 1층6호	영업 중	Y
1431867899	치소우다이닝 신당점	일식당	37.5637388	127.0145848	다산로35길 19 1층 치소우 다이닝	영업 중	Y
1857436464	쿠부타야	돈가스	37.5567933	127.0131781	다산로18길 21	영업 중	N
2077066223	무겐	돈가스	37.5612413	127.0130005	다산로29길 20 1층 101호 MUGEN	영업 중	Y
1058600821	미스터돈까스 약수	돈가스	37.5582316	127.0123641	다산로 163 2층 미스터돈까스	영업 중	Y
1191117132	아쯔아쯔돈부리	일식당	37.5641298	127.0162533	다산로 236-1 1층	영업 중	N
1887648759	카렝 본점	카레	37.5626900	127.0162441	다산로36길 15 1층 카렝	영업 중	N
1556947977	명태어장 신당점	해물,생선요리	37.5628985	127.0189437	퇴계로86길 64	영업 중	Y
1973699668	행복한집	스파게티,파스타전문	37.5582451	127.0129169	다산로 166 2층	영업 종료	N
13103657	카이샤르의장미	맥주,호프	37.5652095	127.0195244	다산로44길 45 1층 카이샤르의장미	영업 중	Y
1638823092	정직한돈가츠	돈가스	37.5646654	127.0193923	퇴계로84길 24	영업 중	N
38229915	우쿠야 뉴존점	돈가스	37.5671257	127.0146488	퇴계로73길 54-35 지하 1층		N
4127992752	우타우카츠	돈가스	37.5647072	127.0213363	퇴계로88길 17-5		N
1828838537	새로이돈까스	일식당	37.5653439	127.0191562	퇴계로 428-6		N
1980003716	포호아 쌀국수와 돈까스 신당점	아시아음식	37.5647052	127.0235447	다산로44길 119		N
35307143	애플돈까스	돈가스	37.5619580	127.0129865	다산로31길 25		N
1858952312	스타벤또야	돈가스	37.5473389	127.0067919	다산로 32		N
1143899847	왕돈까쓰 왕랭면	일식당	37.5555949	127.0127959	다산로14길 28		N
1186566028	고기떡볶이&옛날돈까스	종합분식	37.5638163	127.0206006	다산로42길 79		N
1233112165	돈까스전원	돈가스	37.5629362	127.0334688	왕십리로 330-6 1층 돈까스전원	영업 중	N
1294003190	희희카츠 충무로점	돈가스	37.5603177	126.9951992	퇴계로36길 36 1층 희희카츠	영업 중	Y
1621674277	산카레 한남	일식당	37.5357456	127.0008800	이태원로54길 58-5 1층	영업 중	N
1711148997	남산 서울카츠	돈가스	37.5611500	126.9950464	퇴계로 210-4 2층	영업 중	Y
1416540834	종로 희희	우동,소바	37.5747045	127.0027644	대학로 42-7 1층	영업 중	Y
2058177484	교카이젠 한남	일식당	37.5338593	127.0077710	독서당로 65-1 1층	영업 중	N
2048100880	카레하우스전원	카레	37.5636736	127.0341306	왕십리로24길 13 1층	오늘 휴무	N
20757755	오오키이	일식당	37.5556718	127.0116133	다산로12길 6 1층 오오키이	영업 중	Y
2009574868	펠보	이자카야	37.5573162	127.0108592	다산로15길 24 1, 2층	영업 중	Y
1638480219	동해회집 신당	생선회	37.5649366	127.0189529	퇴계로84길 14 1층	영업 중	Y
2057676391	초담스시	초밥,롤	37.5634736	127.0147850	다산로33가길 27 1층	오늘 휴무	N
1967796742	단초밥	초밥,롤	37.5546352	127.0120696	동호로10길 18 2층	영업 중	Y
1379980528	상국	일식당	37.5620383	127.0196853	퇴계로86가길 26 1층	영업 중	N
36943341	아랑스시 약수역점	초밥,롤	37.5541849	127.0105175	다산로 116 1층	영업 중	Y
1902007190	시미베	일식당	37.5649605	127.0144441	퇴계로 386-1 2층 시미베	영업 중	N
13066475	사가루참치 약수역본점	생선회	37.5541259	127.0104924	다산로 114-1 2층	영업 중	Y
1316308441	탄코	이자카야	37.5633268	127.0185854	다산로42다길 22 1층	영업 중	Y
1929149646	이도횟집	생선회	37.5559049	127.0106590	동호로12길 11	영업 중	Y
1505976128	묘수 신당	초밥,롤	37.5646145	127.0166984	퇴계로78길 16 2층	영업 전	Y
1032008690	아지 신당	이자카야	37.5647487	127.0198926	퇴계로86길 17 101호	오늘 휴무	Y
1173557522	탐나종합어시장 신당역점	생선회	37.5655127	127.0202155	퇴계로 438	영업 중	Y
1278905956	요주의	이자카야	37.5642074	127.0218144	퇴계로90길 26 1층 1호	영업 중	N
37765083	스시리짱	초밥,롤	37.5542430	127.0119621	동호로10길 8-4 1층	영업 중	Y
37902348	마네키네코	초밥,롤	37.5622319	127.0157837	청구로6길 52 1층마네키네코	영업 중	Y
1808081619	이자카야 우규 신당동점	이자카야	37.5627227	127.0162024	다산로36길 13 1층, 2층	영업 중	N
33305779	참치하우스	생선회	37.5653479	127.0186670	퇴계로84길 6	영업 중	Y
1109664896	히메	초밥,롤	37.5645830	127.0168631	퇴계로78길 17	영업 중	N
1363422876	육회란연어다 금호,신당점	한식	37.5588436	127.0186463	청구로1길 23 . 상가2동 104호(신당동, 신당동삼성 아파트)	영업 중	Y
2082095175	스시센쥬	초밥,롤	37.5532054	127.0107185	동호로7길 14 약수더시티 2층	오늘 휴무	N
1055310841	손실장참치	일식당	37.5636088	127.0195809	퇴계로86길 43 1층	영업 중	Y
1361545797	초밥과배달의세계	초밥,롤	37.5646691	127.0179794	다산로42길 29	영업 중	N
36466212	스시도쿠 왕십리본점	초밥,롤	37.5610130	127.0361635	왕십리광장로 6 1층 스시도쿠 왕십리본점	영업 중	N
2042488405	센몬	일식당	37.5600337	127.0048576	동호로24길 19-5 1층 101호	영업 중	Y
1640933664	스시반상	초밥,롤	37.5773146	127.0258187	왕산로3길 16 1층	영업 중	Y
1156583588	스시도쿠 카미동 왕십리본점	일식당	37.5604554	127.0357703	왕십리로 295 2층 스시도쿠 카미동	영업 중	Y
1949066695	김승현스시 왕십리본점	초밥,롤	37.5626990	127.0328164	왕십리로 331 1층 김승현스시	영업 중	Y
1575099913	간절곶 신당점	생선회	37.5656634	127.0224655	퇴계로 449-10 1층	영업 중	Y
870392464	스시사와	일식당	37.5376328	127.0001811	이태원로55가길 18	영업 중	N
1424780191	오오키나스시 회전초밥	초밥,롤	37.5631255	127.0066763	장충단로 205 1층	영업 중	Y
1018113545	스시도쿠 겐 왕십리본점	일식당	37.5604443	127.0357520	왕십리로 295 1층 스시도쿠겐 왕십리본점	영업 중	N
1028550055	세키신 왕십리점	초밥,롤	37.5616264	127.0328515	무학봉26길 10-1 1층	영업 중	N
37755933	스시신조	일식당	37.5659198	127.0221499	퇴계로 447 황학 아크로타워C동 132호	영업 중	N
33078183	부산횟집	생선회	37.5700659	126.9943888	돈화문로4길 38	영업 중	N
1233920777	한남타츠	이자카야	37.5350081	127.0089232	한남대로20길 37 1층 한남타츠	영업 중	Y
1506608499	누리담	이자카야	37.5661905	127.0182388	퇴계로81길 10 1층	영업 중	Y
2037879329	양산도 충무로점	일식당	37.5625626	126.9988771	퇴계로 243 1층	영업 중	N
2041307351	태원스시	일식당	37.5484542	127.0174127	장터길 13-1 1층	영업 중	N
2000020357	스시안도	초밥,롤	37.5655858	127.0168074	퇴계로 407 1층 제3호	영업 중	Y
1013103135	문화식당	양식	37.5655069	127.0198540	퇴계로 434-1 2층 문화식당	영업 중	Y
1941478293	양키스그릴 신당점	스테이크,립	37.5634406	127.0183033	다산로40길 42 삼정빌딩 1층 양키스그릴	영업 중	Y
1603509188	시즈닝 신당	이탈리아음식	37.5638691	127.0173775	다산로40길 23 1층 상가 시즈닝	영업 중	Y
944947869	오차드1974 2호점	이탈리아음식	37.5624491	127.0186864	퇴계로86길 74	영업 중	Y
1349908289	세컨하우스	양식	37.5570666	127.0133814	다산로20길 23 1층 세컨하우스	영업 중	Y
1973211275	본스테이크	이탈리아음식	37.5578462	127.0116280	동호로12길 59 1,2층	영업 중	Y
1010478227	프라테르	양식	37.5620487	127.0191651	다산로38길 68 1층	영업 중	Y
1018077796	베수비오	스파게티,파스타전문	37.5575268	127.0139659	다산로24길 28 2층	영업 전	Y
1129385536	차비	브런치	37.5573352	127.0133458	동호로10길 79 1층	영업 종료	Y
1496290258	펄스맥 센트럴 본점	이탈리아음식	37.5612629	127.0186478	다산로38길 66-47 코리아빌딩 1층	영업 중	Y
1260939117	도우대디	피자	37.5586587	127.0118422	동호로12길 77 도우대디	오늘 휴무	Y
2035106794	33rpm	양식	37.5647005	127.0118109	퇴계로 364 1층	영업 중	Y
1263229647	베르도네 신당	이탈리아음식	37.5615827	127.0124053	청구로14길 18 1층 초록색가게	영업 중	Y
2034390129	위노이	양식	37.5630919	127.0163507	다산로38길 12 1층 102호	영업 전	Y
1686381911	키미	양식	37.5578565	127.0119830	다산로21길 5 1층	영업 중	N
31093301	까르보네 신당1호점	스파게티,파스타전문	37.5612267	127.0181937	퇴계로86길 101 1층 까르보네	영업 중	Y
38757774	방스	프랑스음식	37.5485388	127.0075944	다산로 56 남산정은스카이아파트 1층 (버티고개역 2번출구)	영업 중	N
1883493304	소크	와인	37.5625615	127.0189520	퇴계로86길 69 1층	영업 중	Y
1895392880	리프커피	카페	37.5549362	127.0094153	동호로 195-15 1층 리프커피	영업 중	Y
1855771526	고월 신당	요리주점	37.5647936	127.0190941	퇴계로84길 18 1층	영업 중	Y
1754340217	표주	요리주점	37.5645739	127.0189493	다산로42길 43-6 1층 표주	영업 중	Y
2062038948	히피플랫	카페,디저트	37.5540918	127.0105205	다산로 114-1 2층	영업 중	N
1277852629	남산미수	한식	37.5492633	127.0067302	동호로17길 277 1층 남산미수	영업 중	Y
122143279	올댓피자	피자	37.5640059	127.0167800	다산로40길 15 1층 올댓피자	영업 중	Y
1587224321	파티오 알토	와인	37.5563391	127.0110073	동호로12길 23 이영빌딩 8층	영업 중	Y
36453818	통파이브 약수역점	맥주,호프	37.5558023	127.0105813	동호로12길 7 신당동빌딩	영업 중	N
1720907989	리차지	술집	37.5653446	127.0187877	퇴계로84길 5 1층	영업 중	N
37647964	피자스쿨 신당역점	피자	37.5652929	127.0196340	퇴계로86길 6	영업 중	N
35608560	피자알볼로 신당점	피자	37.5617048	127.0143315	다산로 205 1층	영업 중	N
1560708057	동심원	요리주점	37.5533383	127.0087741	동호로11길 46 동심원	영업 중	Y
1826463748	테이블보	와인	37.5595486	127.0123853	동호로12길 98 1층	영업 중	Y
18091514	피자스쿨 약수점	피자	37.5534028	127.0107087	동호로7길 14 114호	영업 중	N
1153181018	파스타입니다 왕십리점	스파게티,파스타전문	37.5617837	127.0211573	퇴계로90길 74 1층 109호		N
11781793	도미노피자 신당점	피자	37.5576306	127.0124783	다산로 156 1층 도미노피자	영업 중	N
2095179546	나폴리타이거	피자	37.5661496	127.0174010	퇴계로81길 7-18 2층	영업 중	Y
1622806517	라익스	피자	37.5577476	127.0137773	다산로24길 21 1층 101호	영업 중	Y
2031834526	다케슬라이스	피자	37.5641440	127.0103618	청구로 140 1층	영업 중	N
1959942459	서오릉피자 약수점	피자	37.5527220	127.0091377	다산로 96 1층	영업 중	N
1390567998	맥주집	맥주,호프	37.5525445	127.0106369	동호로7길 32 2층 맥주집	영업 중	N
2021589140	약수상회	맥주,호프	37.5538993	127.0106923	다산로 114-8 1층	영업 중	Y
13397558	파파존스 약수점	피자	37.5538820	127.0116940	동호로 174	영업 중	N
2058321702	예술피자 신당점	피자	37.5614155	127.0177112	청구로 64 123동 1층 2-1호	영업 중	N
1289051782	노모어피자 약수점	피자	37.5532493	127.0108114	동호로7길 14 1층 109호	영업 중	N
1697753749	피자는치즈빨&치킨플러스 신당점	치킨,닭강정	37.5647347	127.0124088	퇴계로 368 2층	영업 중	Y
2099946627	에이셉피자 신당점	피자	37.5649798	127.0220613	다산로44길 89 1층	영업 중	N
20263136	피자마루 약수점	피자	37.5521079	127.0108679	동호로7길 37 현진빌딩	영업 중	N
1612716247	한스피자	피자	37.5645330	127.0183459	다산로42길 37 1층 한스피자	영업 중	N
1687695804	7번가피자 신당점	피자	37.5616723	127.0176190	다산로36길 47 1층	영업 중	N
1067708904	맘스피자 약수역점	맘스터치	37.5575892	127.0118887	다산로 155 1층	영업 중	N
1240338497	도시피자	피자	37.5642323	127.0218805	퇴계로90길 26	영업 중	N
37454609	수피자 신당점	피자	37.5479305	127.0085905	다산로 32 1층 104호( 신당동, 남산타운스포츠상가)	영업 중	Y
1881127310	명품임실피자 신당동	치킨,닭강정	37.5669639	127.0130163	을지로45길 62		N
37593452	엔젤로	피자	37.5673664	127.0120376	마장로 22		N
1568530186	플라잉피자	피자	37.5640108	127.0168584	다산로40길 15		N
1234757179	파이프그라운드 한남점	피자	37.5395819	127.0029779	한남대로27길 66 지하1층	영업 중	N
31161142	도치피자 장충	이탈리아음식	37.5606520	127.0049906	동호로24길 27-6	영업 중	Y
1496360086	조옥당 약수역본점	족발,보쌈	37.5569635	127.0113870	동호로12길 39 진빌딩 1층	영업 중	Y
317823318	위풍당당족발 신당점	족발,보쌈	37.5650553	127.0180265	다산로44길 19	영업 중	Y
1235768215	구구족 신당역점	족발,보쌈	37.5652282	127.0198384	다산로44길 53	영업 중	N
31390501	봉평메밀막국수	막국수	37.5534500	127.0095570	다산로 105	영업 중	N
1231170454	원할머니보쌈족발 약수역남산타운점	족발,보쌈	37.5514433	127.0119005	다산로 32	영업 중	N
35195191	매운녀석들 신당본점	주꾸미요리	37.5645955	127.0136655	다산로33다길 42 매운녀석들	영업 중	N
18120169	미도왕족발보쌈별미콩나물밥 약수점	족발,보쌈	37.5498645	127.0073350	다산로 59	영업 중	N
2098159868	돈이 왕족발	족발,보쌈	37.5643312	127.0210040	퇴계로88길 23-4 1층	영업 중	Y
37677598	평양왕족발	족발,보쌈	37.5600373	127.0217291	다산로36길 109	24시간 영업	N
1438915387	강수족	족발,보쌈	37.5647858	127.0201258	퇴계로86길 15-27 1층 강수족	영업 중	N
1061824332	전주토종족발	족발,보쌈	37.5527080	127.0105378	다산로8길 20		N
1620596270	돈이왕족발	족발,보쌈	37.5634770	127.0193455	퇴계로86길 48-1		N
37663792	이모네왕족발	족발,보쌈	37.5598638	127.0218809	다산로36길 109	24시간 영업	N
11611561	평안도족발집	족발,보쌈	37.5602862	127.0060685	장충단로 174-6	영업 중	Y
32538122	진향족발	족발,보쌈	37.5712710	127.0035363	종로 231-1 진향족발	영업 중	Y
11710164	원조1호장충동할머니집	족발,보쌈	37.5603079	127.0058999	장충단로 174	오늘 휴무	N
11723986	뚱뚱이할머니집	족발,보쌈	37.5604158	127.0059610	장충단로 174-1	영업 중	Y
12928524	창신동매운족발	족발,보쌈	37.5730483	127.0115220	종로51길 23 1층 창신동매운족발	영업 중	Y
1916307955	홍능족발 왕십리	족발,보쌈	37.5612171	127.0347199	왕십리로 309 왕십리역이스타빌 107호	영업 중	Y
36699688	꽃보다족발	족발,보쌈	37.5637691	127.0343494	왕십리로24길 16	영업 중	Y
1542023020	호야네족발	족발,보쌈	37.5617680	127.0328223	무학봉26길 9 1층	영업 중	Y
19873274	와글와글족발	족발,보쌈	37.5723719	127.0107879	창신길 18	영업 중	N
1481602115	이서진의 튀김족발	족발,보쌈	37.5729394	127.0116592	종로51길 21 1층 이서진의 튀김족발	영업 중	N
19963784	옥천매운족발	족발,보쌈	37.5731491	127.0115756	종로51나길 23 1층	영업 중	N
34268603	수릿날 설렁탕 할매 족발보쌈	족발,보쌈	37.5606623	127.0052937	동호로24길 31	영업 중	N
2029237192	팻레그 동묘	족발,보쌈	37.5706751	127.0151929	종로44길 90-2 1층	영업 중	N
1351876524	달인의족발	족발,보쌈	37.5632663	127.0337855	무학로2길 37 달인의족발	영업 중	Y
21025025	장충동 한방 왕족발 1호점	족발,보쌈	37.5667990	127.0198064	퇴계로85길 22 1층 101호	영업 중	Y
31390645	필동족발	족발,보쌈	37.5589193	126.9962791	필동로 29 필동족발	영업 중	Y
91860481	원할머니보쌈족발 본점	족발,보쌈	37.5696505	127.0231752	난계로 201 2층	영업 중	Y
21592229	행당족발 본점	족발,보쌈	37.5580584	127.0310535	행당로 109 1층	영업 중	Y
1776060654	귀한족발 왕십리점	족발,보쌈	37.5628350	127.0344141	무학로2길 43 1층	영업 중	Y
13160784	장충족발집	족발,보쌈	37.5600536	127.0061532	장충단로 170-5	영업 중	N
17946838	종로보쌈	족발,보쌈	37.5717746	126.9997076	종로31길 19		N
35244346	오늘먹고싶은족발	족발,보쌈	37.5427536	127.0162427	한림말1길 15-2 1층 3호	영업 중	N
1326833171	우리집국수집	한식	37.5562475	127.0109342	동호로12길 21 1층 우리집국수집	영업 중	N
1928909716	신당동 주식	요리주점	37.5567865	127.0110614	청구로17길 104	영업 중	N
13005867	은성보쌈	족발,보쌈	37.5483701	127.0221587	독서당로 297-6	오늘 휴무	N
19878337	장수보쌈	족발,보쌈	37.5680789	127.0024317	동호로 378	영업 중	N
2004493908	양은이네 상왕십리동점	한식	37.5690490	127.0237075	마장로 137 221동 1층 1138호	영업 중	Y
1415555171	5412	한식	37.5372857	127.0016901	이태원로54가길 12 지하1층, 1층	영업 중	Y
11710924	홍탁집	한식	37.5614018	126.9966588	퇴계로42길 8	영업 중	N
17957862	종로바베큐 보쌈 삼겹살	한식	37.5715712	127.0038615	종로35길 9 1층	영업 중	Y
1082830851	Gongi	한식	37.5362000	126.9993488	이태원로45길 4 1,2층	영업 중	Y
1781472192	고품격대패 왕십리본점	육류,고기요리	37.5603208	127.0358906	왕십리로 293 1층	영업 중	Y
1336784096	충무칼국수보쌈 본점	한식	37.5607242	126.9968649	퇴계로44길 29	영업 중	N
1616350159	신설보쌈칼국수	족발,보쌈	37.5755563	127.0260050	하정로3길 10	영업 중	Y
1988126056	영양행복	한식	37.5654922	127.0032291	을지로38길 28-1 1층	영업 중	N
1396616883	바삭한하루 신당점	치킨,닭강정	37.5628152	127.0158181	다산로36길 8 바삭한하루 신당점	영업 중	N
1237284891	클로버	맥주,호프	37.5548092	127.0110113	다산로 124 2층	영업 중	Y
579644806	오케이치킨 약수점	치킨,닭강정	37.5536934	127.0111651	동호로 173 1층 119,121,122호	영업 중	N
1577124690	멕시카나 약수역점	치킨,닭강정	37.5553507	127.0105263	동호로 194 1층 (신당동)	영업 중	N
1865557531	후라이드참잘하는집 신당금호점	치킨,닭강정	37.5534370	127.0106376	동호로7길 14 1층 115호	영업 중	N
1717510507	오븐마루치킨 중구신당점	치킨,닭강정	37.5599857	127.0198395	다산로36길 101 오븐마루치킨	영업 중	N
1639972913	드렁킨타이 신당	태국음식	37.5654698	127.0205907	퇴계로 440-1 1층	영업 중	Y
1688255673	더 치킨 앤 펍	술집	37.5546289	127.0120500	동호로10길 18 1층	영업 중	Y
1710348915	어거스트치킨 약수점	치킨,닭강정	37.5556290	127.0106576	동호로12길 6 1층	영업 중	Y
1412455280	계화 신당점	요리주점	37.5652138	127.0204939	다산로44길 63 1층	영업 중	Y
1182359864	포안나	베트남음식	37.5538327	127.0093452	동호로11길 31 1층	영업 중	N
36768841	BHC치킨 왕십리점	치킨,닭강정	37.5649614	127.0241618	왕십리로 413	영업 중	N
21817954	롯데리아 청구역점	햄버거	37.5584707	127.0129742	다산로 168 성원빌딩	영업 중	Y
36084572	푸라닭 신당청구점	치킨,닭강정	37.5639966	127.0142084	다산로35길 27	영업 중	N
1166004282	써브웨이 약수역점	샌드위치	37.5573994	127.0118675	다산로 153	영업 중	N
1679010643	오시여호프	맥주,호프	37.5647583	127.0209498	퇴계로88길 20 대신빌딩 1층 오시여호프	영업 중	Y
37896051	BBQ남산타운점	치킨,닭강정	37.5475559	127.0060958	다산로 32	영업 중	N
13404158	롯데리아 신당역점	햄버거	37.5655002	127.0193274	퇴계로 428-1	영업 중	N
2087666094	KFC 청구역점	햄버거	37.5585128	127.0129985	다산로 168 1층	영업 중	N
1028994541	노메 이자카야 약수점	이자카야	37.5538126	127.0109328	다산로 114-12 1층	영업 중	Y
1979587583	명가통닭 청구점	치킨,닭강정	37.5595489	127.0131512	다산로 179 1층 명가통닭	영업 중	N
1375484692	교촌치킨 약수점	치킨,닭강정	37.5561606	127.0112035	다산로 137-1 1층, 2층	영업 중	Y
12778151	BBQ치킨 신당2점	치킨,닭강정	37.5628924	127.0161421	다산로36길 11 1층	영업 중	N
11802304	교촌치킨 신당1호점	치킨,닭강정	37.5620661	127.0170988	다산로42나길 46 1층 106,113호	영업 중	Y
1868122338	유메오뎅 약수	이자카야	37.5535168	127.0091515	동호로11길 39 1층 1호	영업 중	Y
2066640088	큰손닭강정 약수점	치킨,닭강정	37.5576385	127.0120445	다산로 155-1 1층	24시간 영업	Y
18703992	포미치킨호프	치킨,닭강정	37.5538417	127.0111250	동호로 175		N
1954361957	효통닭신당점	치킨,닭강정	37.5625086	127.0165128	다산로36길 21	영업 중	N
1978370496	맘스터치 약수역점	맘스터치	37.5575259	127.0119428	다산로 155 1층	영업 중	Y
1266761986	보드람치킨 신당패션거리점	치킨,닭강정	37.5667701	127.0134729	퇴계로73가길 30 1층 목향빌딩	영업 전	N
13394960	굽네치킨 약수역점	치킨,닭강정	37.5514454	127.0119462	다산로 32 남산타운 아파트 2상가 108호	영업 중	N
1285132756	BBQ치킨 동대문패션타운점	치킨,닭강정	37.5693298	127.0129540	마장로1길 28-11 1층	영업 전	N
2046086717	큰손닭강정 동묘역점	치킨,닭강정	37.5755752	127.0158313	지봉로 62	24시간 영업	N
1233751174	우리커피클럽	카페,디저트	37.5623202	127.0140440	다산로33길 13 1층	영업 중	Y
38427363	더설 약수본점	빙수	37.5545460	127.0120192	동호로10길 16 1층 더설	영업 중	Y
1158486052	레펜	카페	37.5631986	127.0167293	다산로42가길 36 1층	영업 중	Y
1968341747	콘웨이커피	카페,디저트	37.5546653	127.0096197	다산로11길 13 복장문화회관 1층	영업 중	Y
1743780788	카페 와일드덕	브런치카페	37.5549786	127.0087079	동호로15길 43 미래빌딩 지하 1층	영업 종료	Y
36275253	호두까기호두과자 약수점	호두과자	37.5528767	127.0099378	다산로8길 8	영업 중	N
33085557	리사르커피 약수	카페,디저트	37.5524791	127.0104509	다산로8길 16-7	영업 종료	N
2021695063	스트라이프커피 약수점	브런치카페	37.5520214	127.0119548	동호로5길 18 1층 스트라이프커피 약수점	영업 중	Y
36939793	브릭하우스	카페,디저트	37.5652623	127.0222095	퇴계로 456 1,2층	영업 중	N
2021385067	무수히	카페,디저트	37.5621802	127.0129033	청구로14길 34 1층	오늘 휴무	N
1559951575	피그먼츠 약수점	베이커리	37.5551395	127.0099953	동호로 193 1층	영업 종료	N
1542267858	업사이드커피 약수점	카페,디저트	37.5557552	127.0125786	동호로10길 42 1층	영업 중	N
1321507143	피어커피 광희문	카페,디저트	37.5628024	127.0102556	청구로 123 피어커피 광희문	영업 종료	N
2026492435	바이트	브런치카페	37.5645467	127.0177957	다산로42길 26 1층 코너 카페	영업 중	N
2050797926	코페드팔레츠	카페,디저트	37.5639986	127.0103513	청구로 136-1 1층	오늘 휴무	N
1148866905	퀸즈베리도넛하우스 신당본점	도넛	37.5573425	127.0102464	다산로19길 29 1층	영업 중	Y
21306110	하이디하우스	카페,디저트	37.5559360	127.0124977	다산로14길 17 한스하우스	영업 중	Y
1150731508	NAK	베이커리	37.5607929	127.0153413	청구로4길 23 1층	영업 종료	N
38520784	사루	카페,디저트	37.5575655	127.0116173	동호로12길 53 1층	영업 중	N
11807532	빵굼터 약수동점	베이커리	37.5562452	127.0112281	다산로 139 랜더스빌딩	영업 중	N
2005128979	모스피어	카페,디저트	37.5625568	127.0102737	장충단로8길 59-14 제지1층 제비01호	영업 중	Y
2048320529	플로우스테이트커피	카페,디저트	37.5617007	127.0170574	다산로34길 41-2 1층	영업 중	Y
2052494349	섹터커피 신당점	카페,디저트	37.5639027	127.0165589	다산로40길 6 1층	영업 중	Y
1459317112	스티키플로어	카페,디저트	37.5498232	127.0077701	다산로 60 2층	오늘 휴무	Y
1799953213	스타벅스 동호로점	카페	37.5534784	127.0113051	동호로 171 (신당동)	영업 중	N
1216386734	케고	카페,디저트	37.5516169	127.0075565	동호로11길 89 1층	오늘 휴무	N
1126955348	어반디아	카페,디저트	37.5651752	127.0224307	퇴계로 458 1층	영업 중	Y
2015793881	백억커피 약수점	카페,디저트	37.5569868	127.0120937	다산로 150 1층	영업 중	Y
2099847151	크레페순정	카페,디저트	37.5652576	127.0131951	퇴계로 373-3 1층	영업 중	N
1486271947	킵시	카페,디저트	37.5567903	127.0105501	동호로14길 27 1층	영업 중	Y
2074839485	리빙커피하우스	카페,디저트	37.5632187	127.0179951	퇴계로80길 45-6 1층 104호	영업 중	Y
2040022758	더포즈	카페,디저트	37.5636449	127.0180427	다산로40길 37 1층	영업 중	Y
2035306921	갈란트	카페,디저트	37.5361617	127.0005828	이태원로42길 36 2층	영업 중	N
2058688244	카페씨떼 한남	카페,디저트	37.5360165	127.0000273	이태원로 238-1 3층	영업 중	Y
2081530948	오도넛 한남점	카페,디저트	37.5357964	127.0004917	이태원로54길 58-28 1층 오도넛	영업 중	N
2093586997	루마커피하우스	카페,디저트	37.5347026	127.0054316	대사관로31길 25-10 1, 2층	영업 중	Y
1063747030	약수 식당	한식	37.5551400	127.0114096	다산로 128-5 1, 2층		Y
31208718	와가리피순대 본점	순대,순댓국	37.5781400	127.0278420	왕산로9길 22	영업 중	N
1733778515	참진한순대국 본점	순대,순댓국	37.5737701	127.0314186	천호대로 72	24시간 영업	N
1860200140	곱마니 순대국	순대,순댓국	37.5641352	127.0317631	무학로2길 15 1층	영업 중	Y
34067473	진땡이순대국	순대,순댓국	37.5601903	126.9966094	필동로 15-9	영업 중	N
2002258560	순대실록 상왕십리역점	순대,순댓국	37.5650633	127.0280384	왕십리로 382 2층	24시간 영업	Y
1328375307	송해국밥	국밥	37.5729771	127.0170806	종로 356-7	영업 중	N
1264072673	신의주찹쌀순대 왕십리직영점	순대,순댓국	37.5703151	127.0236654	마장로 137 텐즈힐 1층 1114호	영업 중	Y
1256930702	정성순대 서울 충무로점	순대,순댓국	37.5607741	126.9977579	서애로 17 1층	영업 중	Y
2043559833	한빛순대국	순대,순댓국	37.5775645	127.0254690	한빛로 22 1층	영업 중	N
1929933583	원종동 장터 순대국	순대,순댓국	37.5482141	127.0208395	장터길 44-2 1층	24시간 영업	Y
19415260	왕십리순대국	순대,순댓국	37.5759380	127.0032944	율곡로 220-1	영업 중	N
13016481	종로찹쌀순대	순대,순댓국	37.5723609	126.9994460	종로31길 34 연지빌딩	영업 중	N
2076013996	가마솥순대국밥 신설동역점	순대,순댓국	37.5747734	127.0254037	천호대로 17	영업 중	Y
1359803859	유류식당	순대,순댓국	37.5467356	127.0195282	독서당로 270 대우아파트 상가동 405호	오늘 휴무	N
1795110103	왕순대 종로점	순대,순댓국	37.5739548	126.9979199	창경궁로16길 6-2	영업 중	Y
1118509546	종각상회	국밥	37.5715288	127.0004788	종로31길 8-6 1층	영업 중	N
1400792710	국밥 참 맛있는 집 서울신당점	국밥	37.5691538	127.0198380	난계로15길 63 B1층 B102호	영업 중	Y
1841726997	신의주찹쌀순대 동묘앞역점	순대,순댓국	37.5734592	127.0161592	종로 347 상가 101호	영업 중	N
519327457	수제양정순대국 왕십리점	순대,순댓국	37.5638638	127.0341462	왕십리로24길 15	영업 중	N
33431627	신의주찹쌀순대 옥수역점	순대,순댓국	37.5416383	127.0178578	독서당로40길 39	24시간 영업	N
1391135840	계경순대국 동묘역점	순대,순댓국	37.5722873	127.0159504	지봉로 26 1층	24시간 영업	N
1511686008	창대순대국	순대,순댓국	37.5744497	127.0158536	지봉로 50	영업 중	N
1081474059	청심순대국	순대,순댓국	37.5745400	127.0241634	천호대로2길 7 1층	영업 중	N
1097351672	순대고집 동묘역점	한식	37.5728317	127.0142205	종로 329-1 종로 325-8	24시간 영업	Y
2053868900	계신당 신당본점	한식	37.5650034	127.0175718	다산로44길 11 1층 계신당	영업 중	Y
18091104	느티나무설렁탕	곰탕,설렁탕	37.5664814	127.0128862	퇴계로71길 38	영업 중	Y
34302071	나주곰탕 신당본점	곰탕,설렁탕	37.5649739	127.0143130	퇴계로 386	24시간 영업	N
1192717326	황평집닭곰탕	곰탕,설렁탕	37.5640999	126.9960896	마른내로 74	영업 중	N
1845857046	금녕곰탕	곰탕,설렁탕	37.5629190	127.0351332	왕십리로20길 11 금녕곰탕	영업 중	Y
1008495298	별미집 닭곰탕	곰탕,설렁탕	37.5644240	126.9946959	마른내로 61-1	영업 중	N
11727063	보건옥	육류,고기요리	37.5685173	126.9987685	창경궁로8길 12	영업 중	N
2033717879	육즙관리소 더룸 을지로	육류,고기요리	37.5666473	127.0068063	을지로43길 7 1층, 2층	영업 중	Y
11391820	문화옥	곰탕,설렁탕	37.5680851	126.9985456	창경궁로 62-5	영업 중	Y
1224840916	금돈옥 행당점	육류,고기요리	37.5588979	127.0337394	고산자로 211 1층	영업 중	Y
1797233279	서울곰탕	곰탕,설렁탕	37.5625851	127.0049231	장충단로7길 28 서울곰탕	영업 중	Y
1553798319	명인설렁탕 광장시장점	곰탕,설렁탕	37.5707088	127.0014322	종로 210 2층 208~213호	영업 중	Y
19877347	옥천옥	곰탕,설렁탕	37.5725240	127.0269930	하정로 16	영업 중	Y
1032892852	솔직한우 옥수점	정육식당	37.5466736	127.0139333	매봉길 48 101호 솔직한우	영업 중	Y
2010242425	창자	육류,고기요리	37.5648028	127.0361536	고산자로 281 1층	영업 중	Y
11679517	대도식당 왕십리본점	소고기구이	37.5672761	127.0306583	무학로12길 3	영업 중	Y
18673338	나주곰탕 종로 인의동	곰탕,설렁탕	37.5730828	126.9974431	창경궁로 119 재향군인회관 1층	영업 중	Y
1465154592	설내옥설렁탕	곰탕,설렁탕	37.5537884	127.0208468	금호로 141-2 설내옥설렁탕	영업 중	Y
1931305616	순희네빈대떡 닭한마리 동대문본점	닭요리	37.5704791	127.0055550	종로40가길 20 1, 2층	영업 중	Y
17980631	동대문 본가 가마솥 설렁탕	곰탕,설렁탕	37.5719576	127.0110514	종로 299-1	24시간 영업	N
1145746778	도호 동묘점	육류,고기요리	37.5732061	127.0135102	종로53길 17 1층	영업 중	Y
2083814109	목화해장	해장국	37.5667782	127.0237960	왕십리로 410 I동(아이동) 1층 166호	영업 중	N
13152812	별내옥설농탕	한식	37.5619948	127.0061050	장충단로 193	영업 중	N
17966163	연건삼계탕	백숙,삼계탕	37.5786793	127.0017528	대학로5가길 11 1,2층	영업 중	Y
31298596	필동닭칼국수	칼국수,만두	37.5601905	126.9966633	필동로 15-9 필동로 15-9	영업 중	N
1863614762	든든별식	한식	37.5604650	127.0051342	동호로24길 27-5 1층	영업 중	Y
1339909504	반가온	갈비탕	37.5636748	127.0343364	왕십리로24길 14 1층 반가온	영업 중	Y
1831867308	토성옥	한식	37.5794990	127.0363050	약령서길 28	영업 중	N
1540330420	함평집	한식	37.5666438	127.0194439	퇴계로83길 22-37 1층	영업 중	N
1923040774	신설집	닭요리	37.5755547	127.0266925	하정로 50-1 1층	영업 중	N
11780227	머거보까매운갈비찜	육류,고기요리	37.5535712	127.0106922	다산로10길 5-4	영업 중	N
19873606	우성갈비	육류,고기요리	37.5532346	127.0111478	동호로7길 13	영업 중	N
1881071399	중앙갈비	육류,고기요리	37.5642236	127.0103748	청구로 140-1	영업 중	Y
1029061198	다락솥 신당본점	한식	37.5649925	127.0147673	퇴계로 388-1 1층	영업 중	Y
1112306548	마작골	육류,고기요리	37.5646104	127.0210752	퇴계로88길 21	영업 중	N
1289095471	무학 한우숯불구이	육류,고기요리	37.5648523	127.0259005	왕십리로 399	영업 중	N
1153948254	우희 본점	육류,고기요리	37.5603381	127.0126386	동호로12길 119 1층	영업 중	Y
2014972384	동대문 하루구이	육류,고기요리	37.5667368	127.0143219	퇴계로73길 54-24 1층 2호	영업 전	Y
38011060	원조남원닭발 본점	닭발	37.5643922	127.0196534	퇴계로86길 26	24시간 영업	N
2059862585	록갈비 신당점	육류,고기요리	37.5660420	127.0217219	퇴계로 447 1층 107호	영업 중	N
1052694775	군산회찜전문	해물,생선요리	37.5651812	127.0192226	다산로44길 39		N
1855161729	말질로	요리주점	37.5647835	127.0202652	퇴계로86길 15-29 1층	영업 중	Y
13499059	완도전복	전복요리	37.5526680	127.0120060	동호로5길 2	영업 중	N
2145575427	군산횟집 2호점	생선회	37.5650738	127.0191203	다산로44길 36		N
18703826	만선회세꼬시	생선회	37.5651000	127.0182250	다산로44길 23		N
20930897	유성회마을	생선회	37.5641282	127.0140172	다산로35길 31	영업 중	Y
1995023913	부산회집	생선회	37.5693361	127.0130139	마장로1길 28-13		N
37253261	바다회산오징어	생선회	37.5644670	127.0186474	다산로42길 43	영업 중	N
11627613	은성횟집	생선회	37.5703661	127.0001802	창경궁로 88	영업 중	N
35572039	수산룸포차	해물,생선요리	37.5614057	127.0332574	왕십리로21길 11 1층 수산룸포차	영업 중	Y
1085935559	크랩회피쉬 장충동본점	생선회	37.5606666	127.0051431	동호로24길 27-4 1층	영업 중	Y
2046252384	심도횟집	생선회	37.5769448	127.0358404	정릉천동로 58 롯데캐슬피렌체 상가 1층 119호	영업 중	Y
2096895858	활어정류장	생선회	37.5436221	127.0147912	독서당로 216 1층	영업 중	Y
2096939610	부둣가실비 신당본점	생선회	37.5637640	127.0149611	다산로35길 14 1층	영업 중	Y
17889740	토상막회 왕십리본점	생선회	37.5619510	127.0319500	무학봉길 88	영업 중	N
2001554352	타츠수산 TATSU SUSAN	생선회	37.5343472	127.0058105	대사관로31길 21 2층	영업 중	Y
1258858558	이도	생선회	37.5664419	127.0209876	퇴계로87길 21 1층	영업 중	Y
38276167	전라도횟집	생선회	37.5700400	127.0009669	창경궁로 88 광장시장	영업 중	N
38648333	제주바다 서울본점	생선회	37.5719354	127.0039908	종로35길 18 1층	영업 중	N
11592607	영덕회식당	생선회	37.5629549	126.9979960	창경궁로1길 6 1층 영덕회식당	영업 중	N
36740594	도남수산	생선회	37.5767683	127.0244106	안암로 6	영업 중	Y
1226071865	고향횟집	생선회	37.5716094	127.0006148	대학로1길 25 1층 고향횟집	영업 중	Y
1026916589	만복수산	생선회	37.5708615	127.0236535	마장로 137 221동 1층1101호	영업 중	N
1662450042	청계 어시장	생선회	37.5682685	126.9971806	창경궁로 67-13	오늘 휴무	N
11617844	신설홍어회집	해물,생선요리	37.5713333	127.0274750	청계천로5길 9 신설홍어진 (신설홍어횟집)	영업 중	Y
627840384	인현 해물	해물,생선요리	37.5623639	126.9947119	충무로2길 28-1	영업 중	N
2088934561	마이즈루 무학	이자카야	37.5602446	127.0317746	왕십리로21길 30 1층	오늘 휴무	N
2082475885	충무활어회	생선회	37.5625342	126.9945467	충무로2길 23-1 1층	영업 중	Y
1016809347	미분당 약수점	베트남음식	37.5529925	127.0086949	동호로11길 53 1층	영업 중	Y
1112183614	소담촌 약수직영점	샤브샤브	37.5547598	127.0121853	동호로10길 30 약수하이츠 상가 4층 소담촌	영업 중	Y
1742561713	포그린 pho green	베트남음식	37.5635374	127.0148555	다산로35길 11	영업 중	N
1639073056	하노이별 약수점	아시아음식	37.5502081	127.0073585	다산로 61-1 1층 하노이별 약수점	영업 중	N
2030829835	포87쌀국수	베트남음식	37.5623890	127.0147127	다산로 213 1층	24시간 영업	N
1741482607	딜리셔스타이거쌀국수	아시아음식	37.5645383	127.0133790	다산로39길 45		N
1516466403	콩365	베트남음식	37.5604802	127.0050032	동호로24길 27-7 1층, 2층	영업 중	Y
2009222146	왕십리사이공	베트남음식	37.5601869	127.0347555	고산자로12길 2 1층	영업 중	Y
1136049424	베트남쌀국수PhoHang	베트남음식	37.5723376	127.0120408	종로 309-3	영업 중	Y
1090889001	로스트 템플	아시아음식	37.5620910	126.9942318	퇴계로39길 15 1층	영업 중	N
1249055307	꾸잉	베트남음식	37.5347947	126.9950469	이태원로 189 1층	영업 중	Y
1017550639	신머이 동묘쌀국수	베트남음식	37.5715296	127.0184687	종로58길 44 청계로벤하임 2층 신머이 동묘쌀국수	영업 중	Y
1869238910	타이누들앤쿡	태국음식	37.5670427	127.0176959	다산로46길 17 청계천두산위브더제니스 1층 129호	영업 중	N
1254690213	포림	베트남음식	37.5599720	127.0333270	행당로17길 18 2층 포림	영업 중	Y
1017044179	베쌀집 금호본점	베트남음식	37.5483961	127.0189993	장터길 27-1 1층 베쌀집	영업 중	Y
1256327686	코애쌀국수 을지로점	베트남음식	37.5681001	126.9944136	을지로15길 32 2층 203B호, 204호	영업 중	Y
1695459216	레몬그라스 타이 상왕십리역점	태국음식	37.5646344	127.0278830	왕십리로 381	영업 중	Y
1256831504	파파포	베트남음식	37.5601887	126.9965558	필동로 15-7	영업 중	N
2088013819	까타 한남	태국음식	37.5381370	127.0028825	한남대로27가길 26-14 101호	오늘 휴무	Y
1015962687	도르리반미	베트남음식	37.5478178	127.0242511	금호로3가길 3 1층	영업 중	N
21120559	굿모닝베트남 한남점	베트남음식	37.5342219	127.0085864	독서당로 73	영업 중	N
1789144644	벱 한남점	베트남음식	37.5367010	127.0014703	이태원로54가길 23 지층	영업 중	N
1096820385	마나오	태국음식	37.5341000	127.0061838	한남대로21길 18 2층	영업 중	Y
1754598643	퍼퓰러	베트남음식	37.5659765	127.0066021	을지로44길 2 1, 2층	영업 중	Y
1840827943	베트남노상식당 DDP점	베트남음식	37.5675466	127.0099323	을지로 281 동대문디자인플라자 디자인장터 베트남노상식당	영업 중	N
1329111123	호앙비엣 신당점	베트남음식	37.5657706	127.0183305	퇴계로 419-2 1층	영업 중	Y
1149712771	퍼깐	베트남음식	37.5760671	127.0228592	보문로 3 2층	영업 중	N
1030981561	포25	베트남음식	37.5670097	127.0197820	퇴계로85길 28	영업 중	Y
1226002605	미분당 신당점	베트남음식	37.5657039	127.0238633	왕십리로 410 j동 b102호	영업 중	N
1534785050	포인비에트제기역점	베트남음식	37.5775063	127.0334591	왕산로22길 11	영업 중	N
1701167324	라온	베트남음식	37.5618323	126.9983377	서애로 2 1층	영업 중	N
1513900892	땀땀 고메이494 한남점	베트남음식	37.5368647	127.0044930	한남대로 91 나인원한남 지하2층 고메이 494	영업 중	N
618647992	에머이 이태원점	베트남음식	37.5342176	126.9941463	이태원로 180 스카이하이 지하1층	영업 중	Y
2085797653	비기	태국음식	37.5470406	127.0199724	독서당로 276 1층	오늘 휴무	Y
1537971682	여미하노이쌀국수	베트남음식	37.5729860	127.0146839	종로 335-1 명제빌딩 지하1층	영업 중	N
1384336990	포메인RED 두타몰직영점	베트남음식	37.5684798	127.0090477	장충단로 275 B2 두타몰 푸드코트 105호	영업 중	N
1295691544	호앙비엣 종로5가점	베트남음식	37.5721895	126.9993605	종로31길 29 1층	영업 중	Y
1881612692	PCSS 신당점	햄버거	37.5636376	127.0182214	다산로40길 37 1층 PCSS	영업 중	N
1289735868	버거킹 약수역점	햄버거	37.5562791	127.0116938	다산로 142	영업 중	N
1708660256	프랭크버거 신당점	햄버거	37.5619780	127.0169212	다산로36길 36 1층 103호	영업 중	N
1348858830	프랭크버거 약수역점	햄버거	37.5532774	127.0108298	동호로7길 14 약수역 더시티 1층 110호	영업 중	N
2017556663	BT 버거앤타코 신당점	햄버거	37.5647468	127.0179716	다산로42길 29-3 1층 버거앤타코	영업 중	Y
1459672345	맘스mum's위치	햄버거	37.5694599	127.0110763	청계천로 298		N
35386902	수와생	햄버거	37.5529527	127.0102645	다산로8길 11 1층		N
1148240083	세븐패티버거 을지로본점	햄버거	37.5668920	126.9975634	을지로 177 1층 101호	영업 중	Y
1430791412	캘프 옥수	햄버거	37.5421567	127.0163346	한림말3길 10 1층 캘프	영업 중	Y
1724105870	벅벅 신당점	햄버거	37.5658409	127.0203300	퇴계로 437-1 2층	영업 중	N
1205825345	에프터드링크버거	햄버거	37.5604360	127.0363191	왕십리로 294-2 1층	영업 중	N
1261156202	자이온 종로점	햄버거	37.5701678	126.9943853	돈화문로4길 37 5-6층	영업 중	N
1136069269	더블식스버거	햄버거	37.5714616	127.0063793	종로39길 6 1층 더블식스버거	영업 중	Y
37822450	다운타우너 한남	햄버거	37.5348368	127.0008698	대사관로5길 12 1층 다운타우너 한남점	영업 중	Y
1864564477	에이스버거 동대문본점	햄버거	37.5776356	127.0309597	왕산로 68 1층	영업 종료	Y
2046944955	노컷서울	햄버거	37.5478199	127.0218141	독서당로 296-11 2층	영업 중	Y
1885157343	패티바이번 현대아울렛 동대문	햄버거	37.5687665	127.0075133	장충단로13길 20 지하2층	영업 중	Y
855293917	쉐이크쉑 두타점	햄버거	37.5690812	127.0091145	장충단로 275 (을지로6가) 1층	영업 중	N
1654844329	루비스 한남점	양식	37.5374196	127.0002699	이태원로55가길 21 6층	영업 중	Y
1337975170	몽크스부처 이태원	양식	37.5354520	126.9992256	이태원로 228-1 대로변 3층 4층	영업 중	Y
1923216048	러플리버거	햄버거	37.5602896	127.0051301	동호로24길 23-3 1층 러플리버거	영업 중	Y
1940060457	브릭레인버거	햄버거	37.5659745	127.0175048	퇴계로81길 7-9	영업 중	N
2093446342	599버거레이크 왕십리직영점	햄버거	37.5603599	127.0274741	무학봉길 42-1 599버거레이크	영업 중	Y
1144211477	카페&펍 연무장 던던 동대문점	카페,디저트	37.5657367	127.0070531	을지로 264 7층	영업 중	Y
1507770811	더즌 오이스터 한남	양식	37.5355445	127.0013884	이태원로54길 63-4 1층	영업 중	Y
19882504	바나나그릴	햄버거	37.5338749	127.0081571	독서당로 67 203호	영업 중	Y
1453928635	블리스가든	햄버거	37.5598459	126.9960482	필동로 18	영업 중	Y
1925401801	벤티버거 왕십리점	햄버거	37.5667326	127.0256419	왕십리로 410 C동 제1층 제105호	영업 중	Y
2086989048	브런치패티	햄버거	37.5580772	127.0364974	고산자로8길 24-6 1층	영업 중	N
2072705635	신설도그	핫도그	37.5772386	127.0294423	왕산로 52 1층 대로변	영업 중	Y
1438948028	홍탁목포집	한식	37.5607038	127.0127888	청구로 86-1		N
1495251973	장어세상	장어,먹장어요리	37.5537824	127.0097732	다산로 109 1층 장어세상	영업 중	N
1722188619	웅달우동 자가누룩제면소	우동,소바	37.5629204	127.0161773	다산로36길 11 1층	영업 중	Y
1439861629	끼니	한식	37.5498202	127.0077083	다산로 60 1층	영업 중	Y
1287023844	생활맥주 신당점	맥주,호프	37.5638517	127.0144531	다산로35길 21 1층	영업 중	Y
1500176681	숙이네	한식	37.5691744	127.0103602	마장로 3 (신당동)		N
1127388887	김선영멸치국수	국수	37.5614433	127.0181161	퇴계로86길 100		N
1819283053	345국수	국수	37.5601462	127.0132804	청구로 83-9		N
1045110772	복천골식당	한식	37.5651781	127.0193089	다산로44길 43		N
1351826018	난포 한남	한식	37.5371307	126.9995239	이태원로49길 18 B1, 1F	영업 중	Y
2009824214	왕가네 웰빙	한식	37.5719902	127.0112140	종로 301 1층	영업 중	Y
1214594924	온육집 신당점	육류,고기요리	37.5646460	127.0174883	다산로42길 24 . 1층	영업 중	N
20842683	동대문일번가	육류,고기요리	37.5668840	127.0142640	퇴계로73길 54-20		N
1474739710	골뱅아놀자	요리주점	37.5642074	127.0195240	다산로42길 59	영업 전	N
1037057501	먹자판	한식	37.5667603	127.0142541	퇴계로73길 54-24		N
2084544569	사이키델릭커피	카페,디저트	37.5540236	127.0088332	동호로15길 64 1층 사이키델릭 커피	영업 중	N
1118793713	코히루 약수	카페,디저트	37.5566616	127.0105984	동호로14길 23 1층	영업 중	Y
11711892	한성상사	건축자재,용품	37.5587146	127.0120401	동호로12길 80 1층 101호	영업 중	N
1411464888	동출오뎅 신당본점	요리주점	37.5641298	127.0171754	다산로42가길 12 101호	영업 전	Y
1299897272	안동댁포차	포장마차	37.5650733	127.0194838	다산로44길 46		N
4591369923	쟁반집	한식	37.5527776	127.0103658	다산로8길 16		N
1843245552	돌솥콩나물삼겹살	돼지고기구이	37.5638652	127.0165268	다산로40길 6 (신당동)대승빌딩1층		N
2053078412	막리단길 신당역점	전통,민속주점	37.5655047	127.0206863	퇴계로 442-1 1, 2층	영업 전	N
18777973	마장황소곱창	곱창,막창,양	37.5653051	127.0366015	고산자로 288 마장황소곱창	영업 전	N
2092837424	라멘 킥스타트	일본식라면	37.5581679	127.0114958	다산로21길 14 1층 101호	영업 중	N
2075945526	TDL	바(BAR)	37.5650211	127.0145314	퇴계로 386-2 1층	영업 전	Y
35965390	애플블러썸	카페,디저트	37.5650458	127.0232659	난계로 151 아르브 1층	영업 중	Y
1450633196	엄마손분식	종합분식	37.5621324	127.0129741	다산로31길 30		N
1296831678	남도복국 신당점	복어요리	37.5612973	127.0182476	퇴계로86길 101 1층	영업 중	Y
1228880163	날마다장터	식료품	37.5528065	127.0106832	동호로7길 24		N
1506272932	그집포차	포장마차	37.5620771	127.0170725	다산로42나길 46 상가 105호(신당동, 신당동 파라다이스 아파트)	영업 전	N
1785882071	소울	카페,디저트	37.5558174	127.0105744	동호로12길 7 (신당동, 신당동빌딩) 3층		N
37663048	카우카우 약수점	맥주,호프	37.5546048	127.0097328	다산로11길 13 복장문화회관 1층		Y
1413566288	오우뉴	플라워카페	37.5633342	127.0218219	퇴계로90길 45 1층	영업 중	Y
2075031709	신당오뎅클럽	오뎅,꼬치	37.5647388	127.0198260	퇴계로86길 17 1층 101호	영업 종료	Y
1483194998	객잔	바(BAR)	37.5571782	127.0131955	다산로20길 17 1층	영업 종료	N
1333813959	고기로 신당점	육류,고기요리	37.5641406	127.0137576	다산로33다길 30-1		N
1390738547	원조남원연탄돼지갈비	돼지고기구이	37.5643503	127.0196323	퇴계로86길 30		N
1474176922	두레박	한식	37.5727219	127.0255127	천호대로4길 21 (신설동) 1층24,25호		N
1884517508	올리비에	와인	37.5558059	127.0128145	다산로14길 23 1층	영업 전	Y
2080931303	대가	식료품	37.5486950	127.0223100	독서당로 297-18 1층	영업 중	N
18103149	기호네곱창	곱창,막창,양	37.5678744	127.0195406	퇴계로85길 47	영업 중	N
2056630365	고담셀프장어	장어,먹장어요리	37.5637122	127.0194687	퇴계로86길 42-1 1층	영업 전	Y
1474609887	청구만두	만두	37.5608789	127.0123236	청구로 92		N
1366075520	수다포차	포장마차	37.5652888	127.0197919	다산로44길 53		N
2087032257	싸이코파라다이스	광고대행	37.5521665	127.0087441	다산로 88		N
1956605975	바액트	바(BAR)	37.5654024	127.0185423	퇴계로 422-1 3층	영업 종료	Y
1144692070	약수참숯불닭갈비	닭갈비	37.5551083	127.0097089	동호로 193-6 1층	영업 전	N
21783155	꼬기파파	육류,고기요리	37.5566689	127.0112429	동호로12길 33 1층	영업 전	Y
18844868	청수장여관	여관	37.5797193	127.0365139	약령서1길 26-1		N
32240204	약속	카페	37.5748450	127.0208969	종로 393 종로 393		N
2038961919	두물머리양평해장국 신당점	해장국	37.5623024	127.0152219	다산로 214 1층	24시간 영업	Y
1421120206	화박포차	닭요리	37.5530423	127.0085238	동호로11길 54 1층	영업 전	N
2022637205	돈부찌 부대찌개	찌개,전골	37.5650083	127.0174440	다산로44길 9 1층	영업 중	Y
1599312767	청송식당	한식	37.5644368	127.0186672	다산로42길 43		N
1611614647	이모네포차	요리주점	37.5536781	127.0199092	무수막길 89-9 1층	영업 중	Y
2001422055	코쿠 서울	카페,디저트	37.5634262	127.0199397	퇴계로88길 53 1층	영업 중	Y
661073636	커피공장	카페,디저트	37.5546630	127.0113804	동호로 186-5	영업 중	Y
33592962	춘천본가닭갈비	닭갈비	37.8790123	127.7273724	금강로62번길 13	영업 중	N
1019315834	둡바	두부요리	37.5641491	127.0205578	퇴계로88길 36 1층	영업 중	N
2010779915	두런두런	포장마차	37.5648603	127.0190261	다산로42길 43-11 1층 2호	영업 전	N
1533400518	우리집	한식	37.5582658	127.0113657	청구로17길 67		N
1857321199	메가엠지씨커피 청량리시장점	카페	37.5792023	127.0414864	왕산로 163-1 1층	영업 중	N
1199646678	수라간	종합분식	37.5606679	127.0189142	다산로36길 79		N
1240958478	신당돈가 신당점	돼지고기구이	37.5643473	127.0168294	퇴계로78길 21	영업 전	N
37017667	발리 남평화상가점	남성의류	37.5691666	127.0107769	장충단로 282-10 남평화시장		N
1678054540	어라우즈	와인	37.5468144	127.0080871	다산로 32 제6상가 1층 103-1호 어라우즈	영업 전	N
1377641057	다복분식	종합분식	37.5634143	127.0218371	퇴계로90길 43		N
1185076378	브라더양꼬치&마라탕 성남점	양꼬치	37.4368806	127.1303682	성남대로1194번길 17-1		N
2092478063	칸스 다이닝 신당점	양식	37.5649749	127.0144400	퇴계로 386-1 1층	오늘 휴무	N
1893835210	진영	의류제작	37.5571782	127.0131955	다산로20길 17		N
37160408	지코바치킨 신당점	치킨,닭강정	37.5652131	127.0200849	다산로44길 53	영업 전	N
1662309698	로즈앤라임	복합문화공간	37.5559950	127.0115497	다산로 138 RNL 빌딩	운영 중	Y
2078007563	산더미 오리 코다리찜 본점	한식	37.5645327	127.0168572	퇴계로78길 17 1층	영업 중	Y
1766039149	성도	종합분식	37.5668964	127.0146461	퇴계로73길 54-61		N
1590090788	약수포차	포장마차	37.5545248	127.0092934	동호로 193-10	영업 종료	N
38276164	재구네 닭발	닭발	37.5644251	127.0196557	퇴계로86길 26	24시간 영업	N
1892356366	심야식당 하마	이자카야	37.5668960	127.0197721	퇴계로85길 26 1층 심야식당 하마	영업 전	Y
1811282052	선희네	포장마차	37.5651980	127.0199670	다산로44길 53		N
1123757205	포차1번지	포장마차	37.5641403	127.0193212	다산로42길 56		N
1392663232	뼈탕집 신당본점	감자탕	37.5624604	127.0162880	다산로36길 20 1층	영업 중	Y
1369693266	토리양꼬치	양꼬치	37.5577717	127.0120932	다산로 157	영업 중	N
32817266	일미옥숯불구이	육류,고기요리	37.5646889	127.0199370	퇴계로84길 31-1 1층 일미옥숯불구이	영업 전	Y
2065419636	NOTYET	양식	37.5569002	127.0123541	다산로18길 8 1층	영업 전	N
1090543346	포시즌	여성의류	37.5669639	127.0130163	을지로45길 62 누죤빌딩 지하1층 307호		N
18703491	남원골추어탕	추어탕	37.5556685	127.0117250	다산로12길 6 1층	영업 중	Y
1241596143	오오니	우동,소바	37.5649334	127.0191728	다산로44길 40-3 1층	영업 전	N
1107158781	장수꺼먹돼지	돼지고기구이	37.5639277	127.0143222	다산로35길 25		N
37843878	토토	가방,핸드백	37.5694210	127.0144453	청계천로 334 청평화시장		N
36921030	타마	이자카야	37.5494844	127.0106224	다산로 32 남산타운아파트 4상가 101호	영업 전	N
1442562931	몽그리부뚜막	한식	37.5585724	127.0169107	청구로1길 23		N
2084532477	팔당오리 신당본점	오리요리	37.5608587	127.0186654	다산로36길 71-2 1층	영업 중	Y
1045292368	싱크 신당점	요리주점	37.5637537	127.0146010	다산로35길 19 지하1층	영업 전	Y
1841168490	카나에	이자카야	37.5529664	127.0086496	동호로11길 53 1층102호	영업 전	Y
2058977877	오프셋	카페,디저트	37.5613879	127.0135367	청구로8길 19 1층	영업 중	N
1972012922	이숩우화	바(BAR)	37.5646686	127.0200434	퇴계로86길 15-8 1층	영업 중	N
37017486	조은느낌 남평화상가점	남성의류	37.5690315	127.0107337	장충단로 282-10 남평화시장		N
1880840206	이끼 신당	카페,디저트	37.5614944	127.0125603	다산로29길 30 1층	영업 중	Y
18706200	고향맛	한식	37.5648134	127.0214020	퇴계로88길 13		N
1598001911	연진상회	종합도소매	37.5670318	127.0203065	퇴계로87길 35-13		N
1045141508	김치찜에 진심 신당점	한식	37.5647213	127.0236095	다산로44길 119 1층 1호	24시간 영업	N
18093870	구어스치킨 신당점	치킨,닭강정	37.5644260	127.0187149	다산로42길 43 1층	영업 전	Y
31390576	공가네식당	한식	37.5516740	127.0078569	다산로 77 JK오피스텔	영업 중	N
1528102483	전주식당	한식	37.5619810	127.0140309	청구로8길 35		N
13081188	양푼이생태대구탕	해물,생선요리	37.5645751	127.0166687	퇴계로78길 18 양푼이 생태 대구탕	영업 중	N
529786633	신당동김밥	김밥	37.5643685	127.0219290	퇴계로90길 22	영업 중	N
1625616011	동성로원주통닭 서울점	치킨,닭강정	37.5649351	127.0142339	퇴계로 384-1	영업 전	N
1585149973	토담골	매운탕,해물탕	37.5726672	127.0043131	종로35길 30-10	영업 중	N
2017188726	담소스키야키 2호점	육류,고기요리	37.5581737	127.0113613	청구로17길 71 1층	영업 전	Y
1916744755	칠	와인	37.5563817	127.0090902	동호로 209 1층	영업 전	N
18708503	오복빌라	주택	37.5540728	127.0142781	동호로8가길 45-3		N
13345102	다채 동대문점	쌈밥	37.5689838	127.0135550	마장로1가길 23 DWP 9층	영업 중	Y
2003043744	매머드익스프레스 약수역점	카페	37.5549481	127.0109943	다산로 126 1층 1호	영업 중	N
20888787	우리식당	한식	37.5535682	127.0107551	다산로10길 11		N
1591868804	사이로	카페,디저트	37.5624887	127.0196015	퇴계로86가길 15		N
94032609	산성제책	인쇄업	37.5632794	126.9973676	창경궁로1길 18-8		N
1068085821	해브해드 약수점	보세의류	37.5573195	127.0092841	동호로 218 1층 havehad	영업 중	N
2094093935	둥우리	한식	37.5581679	127.0114958	다산로21길 14 B1	영업 전	Y
1929554947	천냥호프	맥주,호프	37.5652010	127.0201392	다산로44길 53		N
2060621186	샘터	카페	37.5529517	127.0102404	다산로8길 11 103호	영업 중	N
1260708863	한국통닭 신당점	치킨,닭강정	37.5649919	127.0196286	다산로44길 48	영업 전	N
1125531002	다키스트아워 신당	와인	37.5647102	127.0193077	퇴계로84길 22 1층 다키스트아워	영업 전	Y
20896533	이천식당	찌개,전골	37.5651984	127.0200334	다산로44길 53		N
1644228641	도콘	카페	37.5638048	127.0169900	다산로40길 18 1층 104호	영업 중	N
19459759	금호나들목	진입시설	37.5440831	127.0233923	서울특별시 성동구 금호동4가		N
1033022001	파티파티 신당점	멕시코,남미음식	37.5607548	127.0127946	청구로10길 2 101호	영업 중	N
2098724608	삼삼	한식	37.5484612	127.0171147	장터1가길 6 1층 102호	영업 중	N
1809332971	시골밥상	한식	37.5532197	127.0092351	다산로 99	영업 중	N
1827986782	글로벌스타푸드	기업	37.5559524	127.0118169	다산로14길 6		N
34975237	산울림	맥주,호프	37.5542173	127.0114371	동호로 178 동호빌딩 2층		N
1802722732	놀이터	포장마차	37.5534851	127.0104698	다산로10길 8	영업 전	Y
2077820506	호식이두마리치킨 신당점	치킨,닭강정	37.5635694	127.0213844	다산로42길 96 1층 101호	영업 중	N
1473094655	호기심	카페,디저트	37.5546312	127.0057102	동호로17나길 5-5		N
1286589748	맛하임	스파게티,파스타전문	37.5693364	127.0125537	마장로1길 28-3		N
18062504	오뚜기	유니폼,단체복	37.5687346	127.0076665	장충단로13길 20		N
1537906684	도담	한식	37.5641023	127.0194652	다산로42길 60	영업 중	N
1203797309	미나리아구 약수 본점	아귀찜,해물찜	37.5534881	127.0095972	다산로 105 1층	영업 중	Y
1037116861	D CAFE 동대문점	카페	37.5690808	127.0135309	마장로1가길 23 DWP 8층	영업 중	Y
1770256247	금쪽갈비 신당점	한식	37.5633062	127.0164319	다산로38길 11 1층(신당동)	영업 중	N
2088511295	흑돈연가 신당점	한식	37.5647007	127.0209141	퇴계로88길 20 1층	영업 중	Y
17979300	진미식당	곰탕,설렁탕	37.5726713	127.0123058	종로51나길 2 대경약국	영업 중	N
1885683478	소바키리스즈	우동,소바	37.5594656	127.0123499	동호로12길 98 1층	영업 중	N
37162661	본죽 신당동점	죽	37.5621548	127.0166792	다산로36길 30	영업 중	N
19686626	다산로39길	도로명칭	37.5643445	127.0120353	서울특별시 중구 신당동		N
1514617148	스마일명품찹쌀꽈배기	베이커리	37.5768913	127.0221155	숭인동길 44	영업 중	N
1221454228	크리스탈	여성의류	37.5694885	127.0149394	청계천로 334		N
1798798103	덮담 신당점	한식	37.5608523	127.0135671	다산로29길 7 1층	24시간 영업	N
1310000675	커피스미스 약수역점	카페	37.5551762	127.0110714	다산로 128-1 casa 101 1~2층	영업 중	Y
1964930109	BOFFEE CAFE	카페,디저트	37.5664119	127.0136735	다산로47길 43 유영빌딩 1층	영업 종료	Y
1804589117	원맛집	한식	37.5526444	127.0081997	동호로11길 64 원맛집		N
1491327499	오오토리	이자카야	37.5532792	127.0103276	다산로10길 10-6 1층	영업 전	N
1275804232	네츄럴100허니카페	카페,디저트	37.5564615	127.0113873	다산로 141 2층	영업 중	N
2038331955	하와이조개 약수점	조개요리	37.5559259	127.0107505	동호로12길 13 1층	영업 전	Y
18708343	로얄식당	한식	37.5559844	127.0119011	다산로14길 6		N
1318827357	향월재 카페	카페	37.5550337	127.0060091	동호로17길 83 2층	영업 중	Y
1747636430	이모네 감자탕	감자탕	37.5704967	127.0049585	종로38길 8 이모네 감자탕		N
1296391472	신당동 딜런 위스키 하이볼 혼술 LP	바(BAR)	37.5646348	127.0166773	퇴계로78길 16 3층	영업 종료	N
38008806	커피항아리 앤 새싹김밥	김밥	37.5691914	127.0109082	장충단로 282-10 맥스타일 1층 1215호	영업 중	N
2052369487	우동가조쿠 약수점	일식당	37.5551906	127.0093231	동호로 195-12 1층	영업 중	Y
1333739584	바나프레소 약수역점	카페	37.5546351	127.0103148	다산로 117	영업 중	N
1175687434	난바우동 신당점	우동,소바	37.5621802	127.0166458	다산로36길 30 1층	영업 중	N
1741104564	오와케이크 신당역점	카페,디저트	37.5649076	127.0217027	다산로44길 86 1층	영업 중	N
1332412521	가마치통닭 동평화점	치킨,닭강정	37.5693369	127.0130740	마장로1길 28-15 1,2층	영업 종료	N
20896915	오세요추어탕 약수본점	추어탕	37.5512650	127.0076389	다산로 75	영업 중	N
163961127	토담	전통,민속주점	37.5650188	127.0065693	을지로44길 23 1층 토담	영업 중	N
1317673465	이모네 생고기	육류,고기요리	37.5652242	127.0136048	퇴계로 379 이모네생고기	영업 중	N
1256695868	호텔바나나	한식	37.5637670	127.0170795	다산로40길 18 1층	영업 중	N
20869809	온돌목유황오리구이	오리요리	37.5560920	127.0108280	동호로12길 17		N
13152121	박가네	한식	37.5644449	127.0015020	마른내로 122	영업 중	N
1055507732	고향식당	한식	37.5602270	127.0124872	동호로12길 113	영업 중	N
1824499606	다락	요리주점	37.5762172	127.0082470	낙산성곽서길 87 1층	영업 전	Y
1941964505	로리엔	카페,디저트	37.5693382	127.0133070	마장로1길 28-23 2층	영업 종료	N
1328110066	피키피그샐러드 약수역점	다이어트,샐러드	37.5550104	127.0110796	다산로 128 2층 201호	영업 중	Y
20735535	귀빈제화	수제화	37.5700881	127.0110065	청계천로 295 동대문신발상가 A동 1층 가열 19호	영업 중	N
1107830405	초록테이블	한식	37.5547731	127.0117878	동호로10길 17 2층 초록테이블	영업 중	N
1030854975	찬스포차	포장마차	37.5616894	127.0176848	다산로36길 47		N
1304421340	129 라멘하우스	일본식라면	37.5554156	127.0108000	다산로 129 지하 1층	영업 중	Y
1661681757	피자디포우 동대문점	양식	37.5669488	127.0130451	을지로45길 62		N
1149478988	신당포차	포장마차	37.5639982	127.0195906	다산로42길 62	영업 전	N
18706033	백두산양꼬치	양꼬치	37.5607029	127.0138120	다산로 193	영업 중	N
20892838	양푼이동태탕	한식	37.5538390	127.0108240	다산로 114-12	영업 중	N
38275060	남원진추어탕	추어탕	37.5647490	127.0176452	다산로42길 23 1층	영업 중	Y
778589397	대추나무포차 2호점	포장마차	37.5643566	127.0134749	다산로33다길 35	영업 중	Y
19416161	명동분식	종합분식	37.5703500	127.0053889	종로40가길 24		N
1842083641	왕게수산 킹크랩 신당동직영점	킹크랩요리	37.5615851	127.0143129	다산로 203-1 1층	영업 중	Y
1979572833	조은음식	한식	37.5645900	127.0115694	다산로39길 79		N
18705427	이화빌딩	기업,빌딩	37.5499220	127.0077590	다산로 62		N
37653963	이시이	카페,디저트	37.5559189	127.0121464	다산로14길 12 101호	영업 중	Y
970199395	Tok Talk	맥주,호프	37.5649748	127.0214326	다산로44길 80	영업 전	Y
36257145	이디야커피 신당점	카페	37.5635336	127.0148576	다산로35길 11 이디야커피	영업 중	N
2079344818	보미와	이자카야	37.5530636	127.0085748	동호로11길 54 1층	영업 종료	Y
1045893293	(구.자성화) 어부네코다리 신당점	해물,생선요리	37.5649203	127.0140389	퇴계로 382-1 1층	영업 중	N
37820293	째즈	종합도소매	37.5694877	127.0154199	청계천로 334 청평화시장		N
37036231	명운참숯불구이	한식	37.5622795	127.0179937	다산로42다길 48 1층	영업 전	Y
1540789287	힐링한식밥상셀프	한식	37.5504373	127.0073784	다산로 65		N
1552553229	보헤이 커피	카페,디저트	37.5554447	127.0079260	동호로15가길 15 1층 보헤이 커피	영업 중	N
2048932652	야키토리 콘쵸 신당	이자카야	37.5646949	127.0179662	다산로42길 29 1층	영업 전	N
38521719	고흥옻닭	한식	37.5644766	127.0105838	퇴계로 352-4		N
37017657	타임 남평화상가점	가방,핸드백	37.5691143	127.0109023	장충단로 282-10 남평화시장		N
1386167451	스타분식	종합분식	37.5697062	127.0182480	마장로9길 43-25		N
1403387191	i노리터	한식	37.5648016	127.0173664	다산로42길 19 1층 i노리터	영업 중	N
34842759	불꽃닭발	닭발	37.5667957	127.0145054	퇴계로73길 54-67	24시간 영업	N
1276670880	꼬들목숯불구이 본점	육류,고기요리	37.5647768	127.0175152	다산로42길 21	영업 전	N
18704373	고등어소반	생선구이	37.5570333	127.0114000	동호로12길 39 진빌딩	영업 중	N
1865339517	무학빌딩	기업,빌딩	37.5611261	127.0117026	청구로 98		N
1551433155	현우동 약수직영점	우동,소바	37.5566538	127.0106454	동호로14길 23 2층	영업 중	N
20616725	치킨마루 신당점	치킨,닭강정	37.5654224	127.0197789	퇴계로86길 3	영업 중	N
20815340	한솥도시락 신당점	도시락,컵밥	37.5576044	127.0124413	다산로 156	영업 중	N
1154085160	진원전자	전자부품제조	37.5671052	126.9956039	서울특별시 중구		N
13574652	방아다리감자국	감자탕	37.5727679	127.0045749	종로39길 50	영업 중	N
20095235	맵꼬만명태	아귀찜,해물찜	37.5636432	127.0197795	퇴계로88길 58-4 1층 골목 안	영업 중	Y
1711964572	메이하우스	카페,디저트	37.5514433	127.0116660	다산로 32 제2상가 111-1	영업 중	N
1538492151	키즈카페 몽슈슈	키즈카페,실내놀이터	37.5558448	127.0094416	동호로 201 제성빌딩 5층	오늘 휴무	N
20934280	귀일만두	만두	37.5484485	127.0194154	장터길 31 1층	영업 중	N
2040225659	까사꼬네호	스페인음식	37.5574414	127.0124461	다산로20길 3 1층, 까사꼬네호	영업 중	Y
1436747617	니쿠노쿄오리	일식당	37.5518030	127.0108974	동호로7길 45 1층 니쿠노쿄오리	영업 전	N
1429400354	청산빌딩	기업,빌딩	37.5611307	127.0154450	다산로32길 15		N
35251066	엄마손집밥	한식	37.5617928	127.0125632	청구로14길 22	영업 중	N
18708457	화영불고기	육류,고기요리	37.5648484	127.0199725	퇴계로86길 15-7 지상1층	영업 중	N
1471373075	꽈대리옥수수꽈배기	베이커리	37.5626433	127.0145704	퇴계로76길 62 1층	영업 전	N
11567914	음악의 숲 LP시대	테마카페	37.5553614	127.0106832	동호로 192	영업 전	N
1364125257	미담분식	종합분식	37.5646257	127.0175251	다산로42길 24		N
11006084	을지로 골뱅이	한식	37.5536279	127.0106113	다산로10길 9	영업 전	Y
1315042005	노랑통닭 신당점	치킨,닭강정	37.5632205	127.0193719	퇴계로88길 63 1층	영업 전	Y
1620416764	쿠시바 약수	이자카야	37.5563255	127.0109840	동호로12길 23 B1층	영업 전	Y
1887052129	원두막 흑염소	한식	37.5560338	127.0107488	동호로12길 15 원두막흑염소	영업 중	Y
38500829	연인채	한복	37.5566407	127.0086155	동호로15길 6-3 1층	영업 중	N
1362408428	야구장	맥주,호프	37.5616557	127.0173699	청구로 64		N
2008407021	원기정 신당약수점	일식당	37.5581958	127.0116760	동호로12길 67 1층	영업 중	Y
1063582598	경희식당	한식	37.5645286	127.0113687	퇴계로70길 3		N
13161218	무진장	육류,고기요리	37.5650558	127.0206369	다산로44길 66	영업 중	N
1080374135	밥이보약	한식	37.5607138	127.0116144	청구로 93-6		N
323295475	엔시즈닝	기업	37.5631331	127.0151800	다산로 223		N
1091798863	파블리후라이드	치킨,닭강정	37.5649037	127.0177287	다산로44길 14		N
38010448	스타동 약수점	덮밥	37.5559906	127.0118789	다산로14길 6 로얄빌딩 1층	영업 중	N
1020876402	몽실미미	여성의류	37.5573015	127.0285419	행당로 87 2층 231호		N
1927185362	언더오챠드	요리주점	37.5624785	127.0186484	퇴계로86길 74 지하 1층	오늘 휴무	Y
1943049063	엘까페씨또바	카페	37.5527435	127.0082905	동호로11가길 25 1층	영업 중	N
1934376200	쿠에노메	이자카야	37.5703053	127.0237120	마장로 137 221동 2층 2112호	영업 전	Y
1542361569	언캐니 신당	와인	37.5655185	127.0190327	퇴계로 426-2 2층	영업 종료	Y
18707417	서래식당	한식	37.5498559	127.0077101	다산로 60	영업 중	N
2008600217	황금통닭	치킨,닭강정	37.5655123	127.0189064	퇴계로 426		N
1788810490	토리아에즈 본점	이자카야	37.5546417	127.0117241	동호로10길 13	영업 전	N
1554833627	사계절식당	한식	37.5549483	127.0099816	동호로 191		N
1149687717	타이반쩜 신당점	태국음식	37.5625706	127.0195802	퇴계로86가길 15 1층(신당동)	영업 중	N
2099737655	가마로강정 신당점	치킨,닭강정	37.5644652	127.0209515	퇴계로88길 23 1층	영업 전	N
562474698	경화식당	한식	37.5693387	127.0133505	마장로1길 28-25		N
1143252055	주전	전,빈대떡	37.5533815	127.0107685	동호로7길 14 1층	영업 전	Y
1163454661	명동호프	맥주,호프	37.5641311	127.0198349	다산로42길 65		N
1631386564	약수의밤	요리주점	37.5576683	127.0120605	다산로 155-1 1층	영업 전	N
1912003494	송림원	중식당	37.5669811	126.9975619	을지로 177		N
20865856	칼멘호프	맥주,호프	37.5626380	127.0163261	다산로36길 17		N
13154206	목포낙지	낙지요리	37.5627505	127.0158372	다산로36길 8	영업 중	N
828377495	노가리	맥주,호프	37.5534705	127.0104998	다산로10길 8 1층 노가리	영업 전	N
1511476425	금강	맥주,호프	37.5645720	127.0121622	다산로39길 69 (신당동) 1층 금강		N
1697853964	지리산주막	한식	37.5645157	127.0207631	퇴계로88길 26 1층	영업 중	N
1296515088	스윙	카페,디저트	37.5468242	127.0081042	다산로 32 남산타운 제6상가 104호	영업 중	Y
1968254663	생마차 신당점	이자카야	37.5636818	127.0146749	다산로35길 17	영업 전	N
1195896928	장수식당	한식	37.5645847	127.0202051	퇴계로84길 33-5		N
1463539722	윤정맨션	주택	37.5785770	127.0096423	창신10길 21		N
1689400958	세이모마트	주류	37.5532156	127.0108219	동호로7길 14 1층 108호 세이모마트	영업 중	N
2041255252	아나포라	양식	37.5526869	127.0105045	다산로8길 20 1층 101호	영업 전	N
1284739468	지랄닭발 신당점	닭발	37.5621512	127.0126848	다산로31길 35	영업 전	N
1511434047	한우미락	한식	37.5642216	127.0107489	다산로33길 84-1	영업 중	N
1014010765	조코	한식	37.5527991	127.0106215	다산로8길 21 지층 1호	영업 전	Y
1752333986	바다와육지	일식당	37.5527863	127.0103159	다산로8길 16 1층 바다와육지	영업 중	Y
1877703277	아시안마트	수입식품	37.5647515	127.0348029	무학로6길 50	운영 중	N
1848646210	MFT	종합분식	37.5693368	127.0131291	마장로1길 28-17		N
1864214481	긴난	일식당	37.5630765	127.0162438	다산로38길 12 1층 103호	영업 중	N
2003253947	판다방	카페,디저트	37.5669489	127.0130451	을지로45길 62		N
1861901776	믿음식당	한식	37.5529105	127.0098606	다산로8길 8		N
1675862197	해리스	와인	37.5558321	127.0128316	다산로14길 23 2층	영업 전	Y
2044528703	럭키드래곤JCB 신당	일식당	37.5646387	127.0190127	다산로42길 43-8 1층	영업 전	Y
19867595	진국설렁탕전문	곰탕,설렁탕	37.5656498	127.0362125	고산자로 293	영업 중	Y
1681097560	qusrus coffee	카페,디저트	37.5615127	127.0107550	청구로 108-1 1층 qusrus coffee	영업 중	N
1598587859	더찜 대갈소갈	한식	37.5649866	127.0196219	다산로44길 48		N
2095460560	SUCD	양식	37.5566690	127.0108498	동호로14길 24 2층 201호 (엘레베이터가 있는 입구)	영업 전	N
1825820978	약수의달	술집	37.5547513	127.0115918	다산로 128-14 지하1층	영업 전	Y
1516191392	피쉬버켓 약수	다이어트,샐러드	37.5555000	127.0124909	다산로12길 21 1층	영업 중	N
1897621031	올레오	맥주,호프	37.5484801	127.0192639	장터길 29-1 지하1층	영업 종료	Y
1332877877	이트커피	카페,디저트	37.5691538	127.0149746	다산로 293 (디오트상가 B2-17호)		N
2024358236	제이씨컴퍼니	한식	37.5615624	127.0227298	퇴계로90길 74 상가동 지1층 111-1호		N
2049047156	화록	요리주점	37.5646654	127.0193923	퇴계로84길 24 1층	영업 전	N
33237698	우와돈	육류,고기요리	37.5648533	127.0210351	퇴계로88길 20	영업 중	N
1421704000	술이야기	맥주,호프	37.5646406	127.0208503	퇴계로88길 20		N
2021583716	약장수	바(BAR)	37.5524881	127.0075421	동호로11나길 15 1층	영업 종료	N
20915645	대박식당	한식	37.5557254	127.0126364	다산로14길 24		N
1827558386	광희문연가	바(BAR)	37.5623700	127.0102172	청구로 117		N
37015891	백송 남평화상가점	가방,핸드백	37.5690718	127.0109058	장충단로 282-10 남평화시장		N
2053811191	영신축산 본점	정육식당	37.5658264	127.0172847	퇴계로 411 1층	영업 중	Y
1281315379	서울소금빵	베이커리	37.5567939	127.0137819	다산로20길 32 1층	영업 종료	N
847745121	삼통치킨 신당점	치킨,닭강정	37.5648657	127.0196397	퇴계로86길 16		N
20893048	가마솥	한식	37.5613740	127.0105740	청구로 107		N
1928706763	힙당동	거리,골목	37.5671451	127.0196599	퇴계로85길 7		N
1732516090	사월	요리주점	37.5528748	127.0086060	다산로 93 1층	영업 전	Y
1786145924	낭만포차	포장마차	37.5647900	127.0196593	서울특별시 중구 신당동 52-18 낭만포차	영업 전	N
2026024214	하숙집	술집	37.5529517	127.0102404	다산로8길 11 3층	영업 전	Y
1176127606	보리	바(BAR)	37.5752850	127.0199264	종로65길 20 1층	영업 종료	Y
953435127	돈장군	돼지고기구이	37.5535840	127.0106428	다산로10길 5-4 . 1층	영업 전	N
38276577	하이트호프	맥주,호프	37.5650736	127.0195545	다산로44길 46		N
1719894488	브릭스	카페,디저트	37.5653501	127.0217359	퇴계로 452 A동 1층 브릭스	영업 중	Y
1167681016	약수낙지	낙지요리	37.5547836	127.0117552	동호로10길 17 1층	영업 중	Y
19936475	티앤티	유니폼,단체복	37.5687336	127.0076718	장충단로13길 20		N
